Date,Open,High,Low,Close,Volume
2020-01-02,22916.10879618779,23191.259101776337,22798.18644251179,23034.029296875,2164345
2020-01-03,23151.950055868743,23230.5649529045,22562.34203407791,22640.955078125,4942819
2020-01-06,22444.420731594633,22640.95613032904,22326.498380560737,22405.11328125,2634859
2020-01-07,22523.03445417992,22837.4921875,22405.112109314145,22837.4921875,2020780
2020-01-08,22601.652172370417,22680.265225773084,22326.5,22326.5,4437500
2020-01-09,22523.03458556003,22680.262526642877,22444.419688524278,22640.955078125,2334095
2020-01-10,22601.650390625,22719.570887927468,22444.42059023673,22601.650390625,2458638
2020-01-13,22562.344232041312,22640.95728374668,22405.114422652896,22444.421875,1993075
2020-01-14,22444.420731594633,22562.343082628526,22405.11328125,22405.11328125,1943884
2020-01-15,22405.11328125,22444.420731594633,22326.498380560737,22405.11328125,2493321
2020-01-16,22405.112903052486,22876.800446237245,22405.112903052486,22798.185546875,4689602
2020-01-17,22798.18487219651,22837.492320714387,22405.112240006398,22640.955078125,3352067
2020-01-20,22601.653158034984,22798.188579595935,22483.730793305032,22562.345703125,4346701
2020-01-21,22719.56965026689,22798.18454617844,21815.50390625,21815.50390625,10744793
2020-01-22,21618.97006937039,22208.578125,21501.047717048958,22208.578125,7640698
2020-01-30,21736.89169196637,21933.42895599157,21186.591058673548,21501.048828125,7174409
2020-01-31,21225.899285022886,21579.664520171795,20439.75390625,20439.75390625,10550086
2020-02-03,19496.380787721402,20636.28945342303,19260.53608199932,20243.216796875,8696226
2020-02-04,20596.983494821274,20596.983494821274,20046.682847575332,20361.140625,3985959
2020-02-05,20557.676268962612,20754.21168716137,20439.75390625,20439.75390625,3979151
2020-02-06,20636.289708884557,21068.66796875,20361.139401791417,21068.66796875,4184622
2020-02-07,20832.823747160928,21029.360991476045,20754.208849434883,20950.74609375,2941387
2020-02-10,20596.98275148379,20832.82561279358,20479.06039433447,20675.59765625,1781470
2020-02-11,20793.51766165686,21107.975420190276,20714.90461176511,21068.66796875,2619702
2020-02-12,21147.282724623914,21501.047932138383,21107.975273456883,21265.205078125,2666743
2020-02-13,21265.20346301182,21422.43140274953,21107.973670285464,21343.818359375,2487408
2020-02-14,21265.205637931645,21422.43359375,21225.89818572985,21422.43359375,2247662
2020-02-17,21461.741631986624,21461.741631986624,21225.898765324746,21304.513671875,2404911
2020-02-18,21383.125505093176,22012.041015625,21343.81990705012,22012.041015625,4374899
2020-02-19,21972.734037751863,22090.654530453492,21815.504243498137,21894.119140625,1827548
2020-02-20,22051.350196859057,22169.27255920704,21815.507325152015,21933.4296875,1884581
2020-02-21,21972.73640879661,21972.73640879661,21501.048828125,21501.048828125,3519162
2020-02-24,20872.133886212006,21186.59166465766,20636.291015625,20636.291015625,5507872
2020-02-25,20479.058658381062,21225.896484375,20439.751209329937,21225.896484375,3397708
2020-02-26,20990.057074591896,21697.58571421552,20832.827252682877,21618.97265625,7823218
2020-02-27,21618.970211284195,22208.578270784183,21461.74040715685,22012.041015625,7594451
2020-02-28,21618.969893296326,21894.120193483286,21461.74009148163,21658.27734375,5945246
2020-03-02,21658.276302233073,22090.654530453492,21540.353956542778,21894.119140625,4465353
2020-03-03,22090.652905904746,22405.110618298288,21894.117530529482,21972.732421875,3592442
2020-03-04,21815.50390625,21815.50390625,21579.661071503993,21815.50390625,4375567
2020-03-05,21815.507423144085,21972.737240314316,21461.7421875,21461.7421875,3129142
2020-03-06,21304.511382477245,21343.818831528366,21029.36109210808,21225.896484375,3573446
2020-03-09,20125.298446503566,20439.754381741208,19771.533203125,19771.533203125,14236373
2020-03-10,20046.67979638113,20439.750568593154,19771.529514637263,20321.830078125,4975306
2020-03-11,20439.754108924684,20636.29138206118,19457.075155198017,19968.068359375,6988101
2020-03-12,19103.308745463295,19378.459057998072,18592.313719622565,18906.771484375,10572677
2020-03-13,17806.169899563214,19653.60900113696,17766.86244808435,18926.42578125,7965695
2020-03-16,18926.426391737736,19535.687276840326,18670.928875378242,18710.236328125,5042694
2020-03-17,18474.390069990965,19063.998046875,18277.85284237061,19063.998046875,6741260
2020-03-18,19260.534236383977,19299.841683571074,19005.03860915075,19024.69140625,4850278
2020-03-19,18710.235517705813,18906.770919937964,18710.235517705813,18749.54296875,5349731
2020-03-20,18946.078370982148,18965.733022998633,18611.96781658974,18749.54296875,3797020
2020-03-23,18120.62725101499,18435.08500278741,17452.404296875,17452.404296875,10177953
2020-03-24,17688.24830345637,17688.24830345637,17098.64021197338,17491.712890625,8568812
2020-03-25,18081.318359375,18238.54814922469,17747.207835427325,18081.318359375,5386707
2020-03-26,17884.784057448585,18022.359205398887,17373.7890625,17373.7890625,6121465
2020-03-27,17452.40529021875,17452.40529021875,16862.797203710157,16941.412109375,6405160
2020-03-30,15919.42464217806,16155.267517257473,15762.194823465818,15880.1171875,11499297
2020-03-31,16312.496411362818,16666.261630424684,15762.193930050555,16155.2666015625,5882129
2020-04-01,16037.346965431292,16980.720316339015,16037.346965431292,16626.955078125,3643695
2020-04-03,16902.10213269461,17550.670375112193,16784.17979180569,17531.017578125,6442408
2020-04-06,18081.319685183025,18670.927734375,17884.78428644862,18670.927734375,7018151
2020-04-07,18670.927399278324,18749.542298556644,18277.854755875433,18592.3125,5994990
2020-04-08,18120.62851999952,18494.046547320682,17983.05335977652,18415.431640625,4002611
2020-04-09,18474.39374714121,18710.23661423937,18277.856480402,18415.431640625,5219151
2020-04-10,18317.15991144398,18474.389690308915,18042.009651418837,18238.546875,8266508
2020-04-13,18238.549870566556,18474.392724611167,18120.627517049856,18277.85546875,10530500
2020-04-14,18710.236322753724,19457.07421875,18474.393459329745,19457.07421875,9969510
2020-04-15,19850.14396506272,19968.06631688258,19594.64831560283,19692.916015625,5322531
2020-04-16,19535.688472213304,19968.06862589577,19378.46050459448,19771.533203125,3689177
2020-04-17,20125.296875,20164.602474093757,19732.224207162948,20125.296875,6464176
2020-04-20,20400.44626433355,20439.751861650395,19928.758713655196,20164.6015625,5405993
2020-04-21,19850.144703217196,20007.374511490485,19221.229176101715,19378.458984375,9314309
2020-04-22,19181.922493703158,20125.295731098395,19142.615043854763,20085.98828125,10264845
2020-04-23,20479.059900433655,20518.36735186877,20046.681640625,20046.681640625,3355927
2020-04-24,20007.374189189886,20125.29654349523,19692.916430697773,20046.681640625,3454818
2020-04-27,20243.215547736574,20243.215547736574,19850.14291544369,19928.7578125,3547424
2020-04-28,19928.7578125,19968.065261028154,19732.222422847888,19928.7578125,2894682
2020-04-29,19968.068359375,20203.911234149844,19850.1459954931,19968.068359375,3256537
2020-05-04,19732.224029055444,20007.37433816116,19574.99422214428,19850.14453125,2512884
2020-05-05,19968.065597684134,20046.680496065866,19810.83765390936,20007.373046875,1636413
2020-05-06,20046.681562726335,20872.132480689743,20046.681562726335,20793.517578125,10311019
2020-05-07,20832.824080663613,21029.361328125,20596.981236698655,21029.361328125,5046217
2020-05-08,21068.66715944463,21658.277055411447,21068.66715944463,21107.974609375,8750173
2020-05-11,21225.896484375,21383.1244275908,20950.746194005835,21225.896484375,5260330
2020-05-12,21225.898991339203,21383.126953125,21068.6691765645,21383.126953125,6874468
2020-05-13,21471.568753061834,22398.237408992514,21426.36694061703,22307.830078125,14510751
2020-05-14,22127.014080176858,22194.818642060236,21923.59854153804,22014.005859375,7844844
2020-05-15,21833.19693824042,22104.417086732246,21584.577696710825,21697.5859375,5101966
2020-05-18,21471.566583986558,21855.794921875,21426.364776108076,21855.794921875,4241581
2020-05-19,22240.02224410422,22466.038685129944,21968.802144275614,22262.625,6294383
2020-05-20,22149.6177232289,22149.6177232289,21946.202176443232,22104.4140625,2613810
2020-05-21,22104.413774925502,22285.2265625,22081.81101836073,22285.2265625,4212429
2020-05-22,22149.61922436412,22149.61922436412,21901.0,21901.0,3634543
2020-05-25,21923.600905401792,21968.804569194257,21607.1789648323,21901.0,4434777
2020-05-26,21923.59995201986,22059.2109375,21855.795385774192,22059.2109375,3436941
2020-05-27,22104.417086732246,22330.4335683106,21697.5859375,21697.5859375,4450454
2020-05-28,21787.993271326948,21968.806085991826,21697.5859375,21697.5859375,2552712
2020-05-29,21697.581370955573,21742.785028355334,21471.564936945382,21674.98046875,2871291
2020-06-01,21697.582380863736,21855.794262632524,21697.582380863736,21833.193359375,3401093
2020-06-02,21833.19693824042,21923.602419078354,21697.5859375,21697.5859375,3201979
2020-06-03,21697.58144921114,22127.01341657476,21652.37964463697,21991.404296875,4103060
2020-06-04,22104.412923383334,22104.412923383334,21878.396484375,21878.396484375,2785008
2020-06-05,21878.396735608243,22014.005859375,21765.388514806382,22014.005859375,3547627
2020-06-08,22149.620028590278,22601.65297694994,22149.620028590278,22307.830078125,8846763
2020-06-09,22420.83664900055,22443.439406532172,22104.414720457193,22127.015625,3218369
2020-06-10,22149.618261153428,22149.618261153428,21878.39814318195,22059.2109375,2802031
2020-06-11,22059.210838657684,22059.210838657684,20793.517578125,20793.517578125,9713404
2020-06-12,20341.483078246376,21245.548828125,20341.483078246376,21245.548828125,6664655
2020-06-15,21697.583398653147,21697.583398653147,20748.315769489625,20793.517578125,2576283
2020-06-16,21064.73828125,21155.145607014958,20929.12914559141,21064.73828125,2439503
2020-06-17,21109.94039762873,21132.541300919813,20906.52485605412,20951.728515625,2494701
2020-06-18,20929.12914559141,21109.94194413248,20861.324577762116,21064.73828125,1727272
2020-06-19,21064.736048747007,21245.548828125,21064.736048747007,21245.548828125,2415480
2020-06-22,21245.548828125,21245.548828125,21177.744267481834,21245.548828125,1960586
2020-06-23,21222.949802329553,21878.39827014865,21132.542478151463,21494.169921875,4311452
2020-06-24,21652.382780147702,21674.983685707655,21268.15441470625,21335.958984375,1273974
2020-06-25,21087.33802000363,21290.751694367736,21064.73526530412,21155.142578125,1533825
2020-06-26,21155.143238208875,21313.35511408766,21109.93958038799,21177.744140625,1265327
2020-06-29,21064.7384622567,21064.7384622567,20725.713767208184,20816.12109375,2689030
2020-06-30,20861.325060402585,20974.33329372888,20522.300360423706,20635.30859375,3345935
2020-07-01,20793.518454192646,20929.12944477868,20703.112980124166,20883.92578125,18851468
2020-07-02,20929.130744885562,20929.130744885562,20770.91883920159,20861.326171875,1131590
2020-07-03,21019.53361594742,21019.53361594742,20838.7208260293,20906.525390625,1420310
2020-07-06,21019.53160889368,21222.94713624637,20929.12614906138,21155.142578125,4581605
2020-07-07,21245.54930427297,21652.380383227028,21245.54930427297,21448.96484375,5834365
2020-07-08,21381.161812994134,21652.381934059846,21381.161812994134,21561.974609375,3174644
2020-07-09,21652.381227455542,21878.397678803005,21607.177566588296,21855.794921875,6503993
2020-07-10,21742.784899657985,21810.589458861978,21471.564809853407,21607.17578125,11484798
2020-07-13,21697.58144921114,22127.01341657476,21584.573231798462,21991.404296875,8467293
2020-07-14,21833.1948947877,22081.81226005923,21833.1948947877,21946.203125,4994193
2020-07-15,22014.008351535897,22127.016585131187,21878.399212417105,21968.8046875,3182921
2020-07-16,21946.2037819765,22036.61111004829,21878.399212417105,21968.8046875,2225843
2020-07-17,21923.599903291168,21923.599903291168,21742.787109375,21742.787109375,2755941
2020-07-20,21742.78716123582,21787.990823069882,21403.762476963566,21426.365234375,4301880
2020-07-21,21471.564809853407,21674.980340453993,21358.556593517216,21607.17578125,1973357
2020-07-22,21697.58349940176,21697.58349940176,21381.16157254094,21426.365234375,1716590
2020-07-23,21426.364189529024,21584.57421875,21290.753210639843,21584.57421875,1969999
2020-07-24,21426.363775502672,21494.168337142703,20522.298012332445,20748.314453125,6654350
2020-07-27,20341.485825593332,20748.316950376764,19708.640085803076,19753.84375,6872226
2020-07-28,20070.26431490422,20703.11186421718,19957.256088668157,20657.908203125,4204978
2020-07-29,20070.263895783326,20296.282196524353,19799.04564087156,20138.0703125,3809754
2020-07-30,20160.67180405341,20409.291015625,20160.67180405341,20409.291015625,1456611
2020-07-31,19889.45035765143,20431.890552983463,19889.45035765143,20115.466796875,2321801
2020-08-03,20115.466936514902,20748.314453125,20115.466936514902,20748.314453125,3469746
2020-08-04,21019.53396152066,21155.14494593034,20883.924830099768,21042.13671875,2206493
2020-08-05,21019.532390655346,21313.355241756817,20906.524171920515,21245.548828125,4203466
2020-08-06,21245.5480379573,21358.556252489107,21109.938921714558,21155.142578125,2421307
2020-08-07,21155.146716603704,21607.17966315995,21155.146716603704,21290.755859375,2694213
2020-08-10,21403.76355404375,21607.179116038904,21290.755320266202,21335.958984375,2435390
2020-08-11,21448.964363043153,21448.964363043153,21245.548828125,21245.548828125,2538901
2020-08-12,21290.755553944175,21471.568359375,21200.350077723222,21471.568359375,2588307
2020-08-13,21561.972251744904,21674.98046875,21471.564936945382,21674.98046875,3587069
2020-08-14,21742.784899657985,21787.988556790184,21448.963907781614,21607.17578125,3428966
2020-08-17,21200.34702302199,21245.548828125,21019.532390655346,21245.548828125,2201267
2020-08-18,21245.54870086201,21313.35511408766,21155.143238208875,21177.744140625,1312172
2020-08-19,21200.34689602976,21268.151456266773,21087.338677971864,21177.744140625,1841048
2020-08-20,21200.349727581903,21448.96709931955,21177.74696915828,21268.154296875,5088406
2020-08-21,21358.558815129505,21471.567043220257,21335.95791070688,21426.365234375,2644935
2020-08-24,21674.983534026556,21968.804569194257,21629.77987023409,21901.0,7430216
2020-08-25,21968.80232543027,22127.01420605063,21946.201422336802,22081.810546875,8195147
2020-08-26,22059.209264983936,22081.810167689306,21787.9891675762,21878.396484375,3071559
2020-08-27,21810.592642407282,22646.853935956242,21810.592642407282,22533.845703125,7818033
2020-08-28,22692.05639663744,23098.885642663547,22556.447265625,22556.447265625,9306194
2020-08-31,22556.44756033357,22737.26035504214,22307.82834624408,22375.634765625,4073026
2020-09-01,22375.634473278817,22827.667380638664,22307.828054783815,22556.447265625,3886252
2020-09-03,22782.462890625,22827.66655031452,22556.446445166104,22782.462890625,4842885
2020-09-04,22375.633942308414,22601.650390625,22375.633942308414,22601.650390625,3229032
2020-09-07,22579.050074663763,22601.652833731892,21923.6015625,21923.6015625,9698523
2020-09-08,22036.61008067563,22375.634765625,21923.599999370366,22375.634765625,3699921
2020-09-09,21991.40608022641,22375.634421185503,21968.80332311777,22240.0234375,3128940
2020-09-10,22375.634421185503,22511.24355188223,22194.8197762715,22240.0234375,2111291
2020-09-11,22149.617311660924,22240.02277845012,22081.810895333125,22217.421875,1830494
2020-09-14,22262.625658923964,22375.633882781618,22194.819242218386,22285.2265625,2366192
2020-09-15,22375.633942308414,22601.650390625,22285.22662178628,22601.650390625,4001854
2020-09-16,22601.64957546006,22963.275138528497,22601.64957546006,22827.666015625,4025780
2020-09-17,22737.259518419458,22827.66683894159,22556.446730363936,22601.650390625,3322429
2020-09-18,22646.85517462346,23234.499129280364,22601.65336140976,23144.091796875,7003128
2020-09-21,23189.29546307768,23370.108274899427,23144.091796875,23144.091796875,3211696
2020-09-22,22963.276515036752,23189.29296875,22872.86919235594,23189.29296875,3506200
2020-09-23,23189.29208485982,23279.699404094637,22963.275639761483,23098.884765625,3772981
2020-09-24,22918.071479897775,23053.68245578994,22692.055039732833,22827.666015625,3669508
2020-09-25,22918.073680778256,22963.27734375,22601.651745953743,22963.27734375,3774534
2020-09-28,23008.479299378894,23189.29208485982,22872.868320526664,23098.884765625,2754263
2020-09-29,23234.49687648471,23234.49687648471,22692.056640625,22692.056640625,3988759
2020-09-30,22692.055858158394,22782.463178680522,22488.642166466707,22601.650390625,5247666
2020-10-01,22692.057218908383,22963.27734375,22692.057218908383,22963.27734375,1900488
2020-10-02,22963.278188938657,23098.887329856283,22149.61963745506,22737.26171875,4088348
2020-10-05,22782.462356994278,22963.275138528497,22556.445916829336,22827.666015625,3144765
2020-10-06,22963.275138528497,23008.47879715922,22737.258698363556,22827.666015625,3190791
2020-10-07,22692.055571245957,22918.07201670485,22692.055571245957,22782.462890625,3135005
2020-10-08,22827.666513897966,23279.699404094637,22737.259194663147,23098.884765625,6517279
2020-10-09,23053.684669693488,23144.09014264813,22963.27734375,22963.27734375,2462949
2020-10-12,23008.478515625,23234.49495302438,22872.867541392185,23008.478515625,3254576
2020-10-13,23008.479585985984,23053.683246166478,22827.666798252747,22918.072265625,2652219
2020-10-14,22963.27627202593,23234.496384209375,22782.463481566556,23053.68359375,5057618
2020-10-15,23144.091796875,23234.499129280364,22918.07531885057,23144.091796875,4539528
2020-10-16,23144.088513051614,24364.578062408673,23008.479386673593,24048.154296875,12109151
2020-10-19,24228.968398231646,24319.373862814067,23957.74829850703,24093.357421875,9682111
2020-10-20,24002.952490074807,24093.357956663913,23731.732384330047,24048.154296875,6853079
2020-10-21,24048.15458520986,24635.798463534084,23867.341796875,23867.341796875,6936575
2020-10-22,23867.34486844812,24409.78515625,23776.939389140458,24409.78515625,5008883
2020-10-23,24500.187251726395,24635.79823144151,24183.76533836857,24364.578125,5554092
2020-10-26,24364.57835453742,24635.798463534084,23867.341796875,23867.341796875,8085672
2020-10-27,23912.54738062111,24048.156519532844,23550.919921875,23550.919921875,9442132
2020-10-28,23505.716141993933,23686.52892972717,22918.072265625,22918.072265625,7547789
2020-10-29,22782.46207822562,23189.291294946775,22692.05476207041,23008.478515625,5708101
2020-10-30,23234.497508824978,23279.701171875,22827.668247352503,23279.701171875,3085180
2020-11-02,23279.70000018899,23370.10546875,23144.089017864342,23370.10546875,1817794
2020-11-03,23460.51255987438,23912.545457205902,23370.105239212582,23867.341796875,5379008
2020-11-04,23957.751953125,24093.361097179368,23731.735477708415,23957.751953125,3294472
2020-11-05,23822.138720976654,24138.56249806709,23505.716796875,23505.716796875,3399906
2020-11-06,23686.529296875,23867.342087410885,23550.918314231516,23686.529296875,2072064
2020-11-09,23867.342384327734,24138.5625,23822.138722884225,24138.5625,4368979
2020-11-10,24409.78490395817,24409.78490395817,23957.751953125,23957.751953125,4791103
2020-11-11,24138.564762860475,24138.564762860475,23822.140956081672,23957.751953125,3501289
2020-11-12,23957.75111065623,24183.767578125,23912.547446564695,24183.767578125,2633035
2020-11-13,24319.375,24319.375,24183.76587029088,24319.375,2766582
2020-11-16,24409.781180385165,24590.59396253868,23957.74829850703,24093.357421875,7879593
2020-11-17,24228.9723446457,24454.98882239832,23957.75220074476,24409.78515625,5279609
2020-11-18,24545.394301705983,24545.394301705983,24274.174157805042,24409.78515625,3687937
2020-11-19,24545.3920876718,25313.848783910264,24409.782954447983,24907.01953125,10494935
2020-11-20,24907.01889519726,25268.64447655178,24861.81523428075,24952.220703125,3898237
2020-11-23,24952.218828471054,25404.251697697473,24681.000589326104,25268.642578125,10754852
2020-11-24,25268.646248646048,25539.866380177034,24861.816977844013,25133.037109375,6462100
2020-11-25,25449.45726722904,25449.45726722904,24952.220703125,24952.220703125,3991319
2020-11-26,25087.832808360807,25313.84927006706,24771.40902077651,25178.23828125,3952056
2020-11-27,25268.64671758729,25404.255859375,25133.03757579958,25404.255859375,15912956
2020-11-30,25630.270813910694,25630.270813910694,25042.626953125,25042.626953125,6076778
2020-12-01,24861.81523428075,25042.628024958012,24771.40791244774,24952.220703125,7193386
2020-12-02,24861.816977844013,25178.23892047275,24861.816977844013,25133.037109375,4525445
2020-12-03,25087.833445288354,25178.23892047275,24907.020641930663,25133.037109375,3416813
2020-12-04,25042.629145421786,25268.64560712804,25042.629145421786,25178.23828125,3188060
2020-12-07,25268.64560712804,25313.84927006706,25087.832808360807,25178.23828125,3264418
2020-12-08,25178.239387736197,25585.070519077188,25087.833910874033,25404.255859375,5088137
2020-12-09,25449.458192752463,26127.50757219247,25404.254530192033,25991.8984375,7402259
2020-12-10,25765.8816916795,26082.30547310133,25539.865234375,25539.865234375,7658294
2020-12-11,25585.07000938877,25765.8828125,25449.459017313682,25765.8828125,3928061
2020-12-14,25765.881738219374,26217.914653644864,25720.678076079064,25856.2890625,3141407
2020-12-15,25991.899040393873,26037.102704002828,25585.06977389105,25630.2734375,5597307
2020-12-16,25856.28764403546,25991.89677002812,25765.88032471454,25811.083984375,4188228
2020-12-17,25720.678029620838,25811.085353738163,25313.8487770705,25539.865234375,7535743
2020-12-18,25539.863001809896,25811.083097464376,25539.863001809896,25720.67578125,3303833
2020-12-21,25901.491112379135,26127.50757219247,25811.0856402471,25991.8984375,4956099
2020-12-22,25946.695348693782,26443.93194187618,25811.086211002614,26263.119140625,5407341
2020-12-23,26353.524032005804,26489.135019687103,25856.289302807534,25991.8984375,6173470
2020-12-24,25991.899279636258,26127.508418722453,25494.662681338712,25765.8828125,5008191
2020-12-25,25765.881445725827,26037.1015625,25585.068652205973,26037.1015625,3410789
2020-12-28,26172.7109375,26489.134718840465,25991.898142300655,26172.7109375,5787837
2020-12-29,26172.710983725676,26579.540236889938,26037.10185033386,26489.134765625,4602575
2020-12-30,26624.744743127358,26624.744743127358,26263.119140625,26263.119140625,2527339
2020-12-31,26263.117489422613,26760.354051342987,26217.913828704623,26715.150390625,4483826
2021-01-04,26941.166609761007,27212.38671875,26805.555628772137,27212.38671875,5278959
2021-01-05,27121.981064194213,28704.09630199916,27031.57373798125,28342.470703125,6008410
2021-01-06,28523.281184920717,28749.297629099456,28161.655615430216,28206.857421875,17771440
2021-01-07,28297.26616170341,28432.875293824854,27980.842382768315,28252.0625,5346499
2021-01-08,28478.078470325272,28794.50224386921,28297.26567958106,28613.689453125,6144885
2021-01-11,28884.905792686204,29246.533203125,28613.687551092913,29246.533203125,4140525
2021-01-12,29382.145982038102,29834.178911623818,28930.113052452387,29743.7734375,8670590
2021-01-13,29788.975102213437,30467.02445109484,29788.975102213437,30060.193359375,9152526
2021-01-14,30060.192039925358,30286.20847963182,29698.566477590488,30014.990234375,4255329
2021-01-15,30286.211235118066,30286.211235118066,30014.99296518539,30105.3984375,3623379
2021-01-18,30286.210992550117,30286.210992550117,29924.58540021032,29969.7890625,3119245
2021-01-19,29834.17857280861,29879.382235851597,27890.437738859895,28026.046875,9637931
2021-01-20,28342.469340514304,28794.50224386921,27212.387082127043,28613.689453125,8308756
2021-01-21,29156.126735547765,29743.770599737203,28613.688383590626,29653.36328125,4854748
2021-01-22,29698.56759558894,30512.226067966792,29562.958467855544,30241.0078125,4387135
2021-01-25,30195.805466073787,30828.651178012547,29924.585345817515,30286.2109375,6657206
2021-01-26,30512.227101997923,30512.227101997923,29608.161278500695,29834.177734375,5585973
2021-01-27,29698.567690454085,29879.38047900576,28432.874464614895,28478.078125,4784859
2021-01-28,27121.980476434834,28161.657293397744,26489.134765625,26489.134765625,22162985
2021-01-29,26669.948139107088,28342.470703125,26669.948139107088,28342.470703125,6951039
2021-02-01,29110.926809606488,29562.959725262528,28161.65731613104,28704.095703125,4494174
2021-02-02,28523.282660901776,29834.177734375,28478.078999129157,29834.177734375,7312453
2021-02-03,30512.226439067672,31913.52880564045,29879.38074696702,31642.310546875,11150542
2021-02-04,31732.719543143783,33088.818320493905,31732.719543143783,32772.39453125,15335562
2021-02-05,32998.40863793713,33179.2195717533,32455.968424533712,32953.203125,5783051
2021-02-08,32953.206294917385,32953.206294917385,31461.498344046966,32229.955078125,13276214
2021-02-09,32275.154139915157,33721.66015625,31642.310305628187,33721.66015625,8907967
2021-02-17,34490.11624475858,35710.605791324946,34309.3053119938,35213.37109375,6735700
2021-02-18,35258.57314874223,35394.18227576515,34625.72561466532,35348.98046875,8774040
2021-02-19,34942.15033820015,35258.57411390029,34354.508301029906,34625.7265625,11116542
2021-02-22,34625.72938888779,35032.560520278814,34399.712917221186,34716.13671875,7911452
2021-02-23,34490.11777505198,34806.54155390155,33721.66108526803,34128.4921875,7155881
2021-02-24,34354.50731619513,34580.52376293355,33857.272615761576,34083.2890625,6931789
2021-02-25,34399.70855031862,34490.11586870399,33676.457415190416,34444.9140625,4255329
2021-02-26,33902.473858165155,34535.32138088537,33857.27205196116,34444.9140625,6332100
2021-03-01,34716.132690197635,35258.57290044684,34716.132690197635,35213.37109375,4361529
2021-03-02,35665.4039846281,35665.4039846281,34761.3382028719,35213.37109375,5007752
2021-03-03,35258.57397394677,35303.775782019846,34987.35571355323,35122.96484375,12411100
2021-03-04,35122.96713396322,35168.16894498371,33947.67928167499,34309.30859375,8681714
2021-03-05,34128.4939377125,34354.51040477049,33676.46100359651,34309.30859375,6312162
2021-03-08,34354.508886523334,34580.52534359286,34083.29062043095,34264.1015625,11089304
2021-03-09,33902.47265625,34218.89640639221,33676.456221288034,33902.47265625,8463228
2021-03-10,34309.306249792986,35032.55741257609,33902.47515449154,34490.1171875,5577368
2021-03-11,34580.52237124756,34851.74061402757,34399.70773874269,34670.9296875,4199292
2021-03-12,34806.53988211141,34851.74168864272,34490.116118459955,34580.5234375,4329418
2021-03-15,34625.72524403132,35032.55632672281,34399.70879941991,34580.5234375,3780789
2021-03-16,34806.54029657802,36840.68832230275,34625.72565634484,36614.671875,10852932
2021-03-17,36840.68940169017,36840.68940169017,36162.6400399159,36524.265625,7486444
2021-03-18,36614.671875,36614.671875,36162.638980394506,36614.671875,4570151
2021-03-19,36162.64170192046,36388.658166232744,35891.42342713682,36072.234375,6135861
2021-03-22,35936.62165944753,35981.823465418216,35394.18145791255,35574.99609375,6453411
2021-03-23,35484.59008983894,36162.63944037176,35394.1827685724,35620.19921875,4896935
2021-03-24,35213.37013561159,35665.4030141901,34580.522623210745,34806.5390625,5852521
2021-03-25,35032.557660682694,35032.557660682694,34580.524754247504,34625.7265625,4943528
2021-03-26,34444.916452818434,34716.13472081846,33676.4597521815,34399.7109375,5609270
2021-03-29,34580.52312129263,35303.77425504469,34399.70848486592,35077.7578125,4270364
2021-03-30,35213.37541561854,35258.57722786316,34806.544281505376,34851.74609375,3594206
2021-03-31,34851.74287737892,35303.775782019846,34625.72642505846,35122.96484375,2980305
2021-04-01,35213.37274935953,36027.03125,35213.37274935953,36027.03125,6613131
2021-04-02,36343.45635576138,36388.658166232744,36072.234375,36072.234375,4179142
2021-04-05,36343.45349799614,36388.65530491318,35665.4041583758,35981.82421875,5787458
2021-04-06,35755.80903749506,36162.64013805472,35755.80903749506,35891.421875,3426930
2021-04-07,35801.013285104375,36027.02973164449,35755.80777220989,35981.82421875,4314307
2021-04-08,36253.0461781846,36433.85711183023,35936.622411832956,35981.82421875,4470038
2021-04-09,36117.43705030958,37518.73753642282,36117.43705030958,37111.91015625,10462121
2021-04-12,37247.519282974274,37247.519282974274,36840.688196824005,37111.91015625,4448420
2021-04-13,37066.70848697548,37157.1158161589,36388.65907706658,36479.06640625,7218427
2021-04-14,36162.638980394506,36614.671875,35936.62253309176,36614.671875,5311241
2021-04-15,36614.66958508494,36795.48421400981,36072.229404287566,36162.63671875,6464745
2021-04-16,36072.233058822065,36705.08061819666,35620.20014669096,36027.03125,5447662
2021-04-19,36162.642007582006,36840.69140625,35936.62554135934,36840.69140625,7452233
2021-04-20,36976.296757897646,38377.60092855167,36885.889439472005,37473.53515625,10636249
2021-04-22,37066.702451419886,37925.56637984717,36162.63671875,36162.63671875,5087927
2021-04-23,36162.6395751309,37518.73828125,36027.030445714496,37518.73828125,6729613
2021-04-26,37292.72121690824,37428.3303440944,36388.65542769725,36614.671875,6540511
2021-04-27,36343.45726546379,36795.49020540305,36207.844418699744,36479.06640625,3803247
2021-04-28,36207.84184830983,36750.282078924756,36207.84184830983,36524.265625,3626000
2021-04-29,36524.26323858214,36976.29611689678,36524.26323858214,36569.46875,4678030
2021-05-04,36162.63830402162,37744.75340554954,36162.63830402162,37473.53515625,7189881
2021-05-05,38196.78629170038,38196.78629170038,37383.12783782435,37473.53515625,4926318
2021-05-06,37518.73803477554,37744.7544843106,37157.11245671494,37383.12890625,4132551
2021-05-07,37383.12915183359,37970.7711832897,37202.3145086267,37518.73828125,5773606
2021-05-10,37563.94003276452,38874.83309379856,37518.73452350166,38784.42578125,9615264
2021-05-11,38874.84045645676,39146.06244547023,38513.21484375,38513.21484375,4793674
2021-05-12,38422.80255151114,38603.6171875,38106.37879151932,38603.6171875,3913224
2021-05-13,38422.80241362256,38603.61704896253,37970.76953125,37970.76953125,5853991
2021-05-14,38106.37809339333,38965.24203963959,38015.97448303251,38332.39453125,4005990
2021-05-17,38784.432279609304,39146.06159039478,38513.21400249797,38739.23046875,9422383
2021-05-18,39055.648947300935,39507.68181828422,38965.24163190883,39326.8671875,4788008
2021-05-19,39552.886122939446,41180.20678492073,39236.46235205607,41044.59765625,6137119
2021-05-20,41044.59681777867,43169.1484375,40863.78217925976,43169.1484375,8658903
2021-05-21,42626.71568379271,43666.39068179362,42039.06990989947,42400.69921875,14497301
2021-05-24,42400.69877990424,42445.90059005384,41632.24206551698,42265.0859375,7723860
2021-05-25,42265.08637494218,43033.543097282934,41948.66628866458,42400.69921875,4685165
2021-05-26,42581.507676158086,43169.14970969623,42355.49122433745,43078.74609375,4402876
2021-05-27,43078.74861387813,43123.950424495575,42265.08637494218,42400.69921875,6243789
2021-05-28,42491.101174077514,42943.134086440514,42355.49204156413,42852.73046875,3933793
2021-05-31,43169.15077216902,44299.23676506324,42807.52518155124,44254.03125,9280515
2021-06-01,45693.75671602206,46005.6592139761,45225.902969090996,45277.88671875,6378547
2021-06-02,45277.884484756374,45485.81947313297,44186.22579577926,44446.14453125,9563268
2021-06-03,44186.22391648358,44394.15889601643,43822.337702301076,44290.19140625,8205003
2021-06-04,44186.22467482614,44238.20842060152,43562.41972552156,44030.2734375,10851015
2021-06-07,43978.292802086646,44030.276551538576,42106.87411583949,42990.6015625,7792597
2021-06-08,42626.714943951294,43146.552433929304,41898.9387520044,42002.90625,8917192
2021-06-09,41898.93680043103,42678.69670505598,41067.19685520709,42470.76171875,6574010
2021-06-10,42470.75907581685,42886.62902254945,42106.869166448545,42574.7265625,4705991
2021-06-11,42366.79382822161,43614.40373435568,42262.82633604377,43406.46875,4452390
2021-06-14,43406.46673771301,43978.28791818198,43146.54801931803,43562.41796875,8488261
2021-06-15,43562.422022347324,43926.30826196087,43250.51953125,43250.51953125,3246214
2021-06-16,43250.514993061675,43978.287395925094,42990.596277753306,43198.53125,5063417
2021-06-17,42678.69456142252,43198.53200107748,42678.69456142252,42938.61328125,4282296
2021-06-18,43198.53176299702,43770.352943465994,42990.59678828104,43562.41796875,3154597
2021-06-21,43458.45394969635,44862.01514104378,43250.51895838562,44498.12890625,7283590
2021-06-22,44758.04638076227,45017.965112556754,44394.16015625,44394.16015625,5995835
2021-06-23,44342.17325187662,44498.12447984659,43718.368339996756,44134.23828125,5676450
2021-06-24,43822.33845439847,44134.24092905076,43614.403471296944,44030.2734375,4029342
2021-06-25,44030.27268183393,44394.15889601643,43770.35395741786,44290.19140625,2944534
2021-06-28,44758.04435100583,44758.04435100583,44394.15814299563,44550.109375,3392401
2021-06-29,45017.9618665378,46265.575395169675,44862.01063870597,46057.63671875,10168993
2021-06-30,46265.579458994565,46317.56320617127,45745.73828125,45745.73828125,3968443
2021-07-01,45797.716213165266,46213.58984375,45745.73247258931,46213.58984375,3102765
2021-07-02,46421.53191310123,48085.01186620741,46213.596918962954,47773.109375,7133205
2021-07-05,49384.606712473185,49384.606712473185,47305.25672338938,48188.98046875,11566848
2021-07-06,48085.01224144004,48344.93098614116,45225.90234375,45225.90234375,6398623
2021-07-07,45225.897314683454,47305.25074704847,44186.22245148958,47045.33203125,10987711
2021-07-08,46993.351700355925,47045.33544729024,46265.57924327544,46681.44921875,4703189
2021-07-09,46577.48109751587,47825.09100713513,46161.61112764278,46629.46484375,7344546
2021-07-12,46161.61174816647,46629.46547056278,43458.453201676915,44758.046875,13458281
2021-07-13,45173.91859480977,45381.853590570674,44186.2273649455,45225.90234375,4808092
2021-07-14,45537.80128344715,45537.80128344715,44030.27268183393,44290.19140625,4758269
2021-07-15,44030.27393173773,45017.965112556754,44030.27393173773,44394.16015625,4990780
2021-07-16,44654.079866270775,45745.738563722305,44446.14487628001,45121.93359375,4354019
2021-07-19,44290.1921663769,44913.99711568148,43926.305945949236,44030.2734375,6411946
2021-07-20,44082.258643796165,45121.93359375,43614.40491631693,45121.93359375,7042273
2021-07-21,45121.93625111834,45693.757507269256,44758.04999720413,45017.96875,7921966
2021-07-22,44810.02820079872,46577.47920699837,44810.02820079872,46473.51171875,8161568
2021-07-23,46473.51085649337,48292.94186708265,46109.620948398246,47045.33203125,13403714
2021-07-26,46941.36520761873,48812.77998778714,46889.38146372516,48708.8125,11453647
2021-07-27,49072.69551109367,49332.614213632696,48085.00444144536,48448.890625,12379495
2021-07-28,48240.96374372407,48708.81748666364,47669.142502353476,47825.09375,6144393
2021-07-29,47825.09083656768,48812.782011493684,47669.13959842147,48552.86328125,7050532
2021-07-30,48604.84300998923,49280.631652767224,48240.95681772416,48864.76171875,13816356
2021-08-02,48864.76399939608,50216.34505401105,48864.76399939608,49696.50390625,8373144
2021-08-03,49800.47265625,49904.440147240646,49228.65145580143,49800.47265625,6447717
2021-08-04,49852.45513878511,50008.40637132023,49332.61769700141,49696.50390625,5688131
2021-08-05,49488.57149406171,50424.28264373879,49332.62025344512,50216.34765625,5559282
2021-08-06,50320.31514999439,50528.250137483185,49800.473975294895,50216.34765625,7012022
2021-08-09,50424.28438168056,50788.17062232777,49852.45944040014,50684.203125,6460858
2021-08-10,51100.075002925805,51152.05875351097,50736.18874882967,50840.15625,5439925
2021-08-11,50788.16150402191,50840.14524335285,49956.41796875,49956.41796875,10577257
2021-08-12,49800.47575586659,49904.443253328245,48552.865786326685,48760.80078125,16287110
2021-08-13,48396.91424880963,49384.60546875,48344.93050039172,49384.60546875,7543294
2021-08-16,49384.60687459098,49488.57437438647,49072.70437520451,49176.671875,3684043
2021-08-17,48916.75202744249,49176.67077109664,48604.84953505751,48760.80078125,5938894
2021-08-18,48760.79423524569,49332.61539451937,48760.79423524569,48864.76171875,3677473
2021-08-19,49384.60231926334,49384.60231926334,48760.797378031326,49124.68359375,5735401
2021-08-20,49124.68860056496,49228.65610136672,47357.24108693504,48240.96484375,9856910
2021-08-23,48085.006135081436,48085.006135081436,47305.25,47305.25,8452169
2021-08-24,47565.174380861725,47825.09312353457,46733.43440430864,47773.109375,9508444
2021-08-25,48033.02811767284,48033.02811767284,47305.255638188886,47773.109375,3622175
2021-08-26,47825.09390253786,48292.94764696965,47409.22390748738,47513.19140625,3645352
2021-08-27,47305.25625784492,47825.09375,47097.321260982884,47825.09375,4281200
2021-08-30,48344.93250458365,48344.93250458365,47877.07874942704,47929.0625,3031163
2021-08-31,47981.03969403054,48448.8933852556,47825.088463622196,48033.0234375,4339054
2021-09-01,47877.072207091645,48344.9258983167,47877.072207091645,48033.0234375,2907484
2021-09-06,48033.02739980851,49332.62109375,47981.04365205085,49332.62109375,5794349
2021-09-07,49540.559078685874,49540.559078685874,48604.8515625,48604.8515625,4691471
2021-09-08,48604.845132338174,48968.73134049247,48240.95892418387,48396.91015625,2963515
2021-09-09,48396.90688449219,48812.77680855464,48240.95566296877,48448.890625,2726075
2021-09-10,48552.86781160079,49072.70532059293,48552.86781160079,48604.8515625,2701253
2021-09-13,48656.83610421461,48864.771111191025,48292.949842005895,48344.93359375,3285088
2021-09-14,48500.88203759585,49228.65451982746,48344.93079140336,48760.80078125,5006657
2021-09-15,48760.802654067695,49072.705158432305,48500.88390043052,48916.75390625,3900312
2021-09-16,49072.7011044511,49384.6035830489,48968.733611585165,49228.65234375,4432497
2021-09-17,49644.524689661404,50424.284629428555,49592.54094074211,49748.4921875,8338651
2021-09-20,49904.43912971647,50008.40661858727,48916.747985443784,49072.69921875,5045166
2021-09-21,48552.86781160079,48864.77031699607,48085.014053507846,48604.8515625,5323669
2021-09-22,48448.890625,48552.85810601561,48188.971922460965,48448.890625,4658073
2021-09-23,48448.89390027204,48760.796364404305,48344.92641222796,48396.91015625,3831691
2021-09-24,48448.89921738547,48448.89921738547,48188.98046875,48188.98046875,2717497
2021-09-27,48292.94418397928,48604.84665790124,47877.07421875,47877.07421875,4001785
2021-09-28,47669.14482107667,48344.93359375,47565.17731758846,48344.93359375,4914857
2021-09-29,48344.923143984386,48552.85810601561,47981.036960429745,48448.890625,3025383
2021-09-30,48604.85235247051,48812.78735944692,48344.93359375,48344.93359375,1855890
2021-10-01,48292.9453125,48396.912806236855,48085.010325026284,48292.9453125,7050872
2021-10-04,48344.931876636074,49488.57437438647,48033.02937724961,49176.671875,5900567
2021-10-05,49384.601685362424,49904.43912971647,49072.69921875,49072.69921875,3388679
2021-10-06,49124.682963185405,49228.65045205621,48708.81300770217,49072.69921875,4057813
2021-10-07,49332.62516855868,49384.60892061013,48916.7551521471,49020.72265625,2914603
2021-10-08,49384.6028687122,51723.87513033621,49072.700394625994,51411.97265625,15813874
2021-10-11,51463.95828608157,51619.90952883422,51100.072052992065,51567.92578125,4633253
2021-10-12,51567.92060974201,51567.92060974201,51204.03441314497,51463.953125,9009242
2021-10-13,51463.95953586352,52763.55325702902,51204.040791630425,51671.89453125,6862368
2021-10-14,51671.89468148658,51983.797175473155,51152.057191508946,51359.9921875,4539627
2021-10-15,51671.89138465517,52035.77760442241,51152.05392784483,51411.97265625,3107145
2021-10-18,51463.953125,51983.790548710065,51256.01815551597,51463.953125,4570106
2021-10-19,51463.958428411934,51723.87716705185,51256.0234375,51256.0234375,3708316
2021-10-20,51308.008742361875,51723.87873680687,50216.35000694375,50736.1875,4100702
2021-10-21,51152.05971404228,51204.043465603594,50268.3359375,50268.3359375,4408588
2021-10-22,50424.28778586473,50632.22279455814,49956.43031032665,50008.4140625,5113605
2021-10-25,50008.409814599574,50008.409814599574,49332.62109375,49332.62109375,6559089
2021-10-26,49384.602018095284,50372.296875,49020.71580459574,50372.296875,3718902
2021-10-27,50320.31350507932,51048.0859375,50164.3622695606,51048.0859375,12702346
2021-10-28,51048.08858949702,51152.05608524405,50528.25111076191,50944.12109375,3074111
2021-10-29,50944.11806764214,50944.11806764214,50372.296875,50372.296875,4944241
2021-11-01,50632.216290152624,50632.216290152624,49696.50516525935,49800.47265625,5988899
2021-11-02,49644.5155327644,50424.275328705386,49644.5155327644,49956.41796875,3936631
2021-11-03,50008.40170808093,50268.32411071259,49488.56431477161,49956.41796875,5074732
2021-11-04,49956.42515305679,50320.31508668186,49748.49016582963,49904.44140625,3724925
2021-11-05,50008.411303743545,50840.15499861125,49904.443805132294,50736.1875,4029525
2021-11-08,50736.18624604167,51204.03997822916,50580.23500197917,50632.21875,3266472
2021-11-09,50684.203855775115,50736.18760518851,49904.443908596404,50112.37890625,3881513
2021-11-10,50112.37895349781,50424.28515625,49852.46020618575,50424.28515625,3517964
2021-11-11,50424.28258029544,50944.12004836336,49800.473912636415,49904.44140625,4861018
2021-11-12,50008.40992604919,51048.08858949702,49852.45868242865,50944.12109375,4327556
2021-11-15,51204.03934351747,51204.03934351747,50580.234375,50580.234375,3640244
2021-11-16,50580.240587387736,51723.883170134715,50320.3218185816,51100.078125,7492923
2021-11-17,51100.078125,51152.061878761226,50944.12686371632,51100.078125,4008903
2021-11-18,51100.07071323318,51308.00569811833,50164.36328125,50164.36328125,5186790
2021-11-19,50684.200811889816,50840.15205076422,49436.58719491706,49540.5546875,5885419
2021-11-22,49644.52421083957,49904.44295292914,49384.60546875,49384.60546875,3413024
2021-11-23,49384.60400031732,50216.34765625,49332.62025344512,50216.34765625,4769173
2021-11-24,50268.3317519548,51152.05545491467,50112.37680427844,50892.13671875,5304536
2021-11-25,51204.04064454065,52919.50435155123,51100.07314714607,51983.796875,11258731
2021-11-26,52035.77760442241,52399.66382418965,51359.988910568965,51411.97265625,3643163
2021-11-29,50684.2029776733,51411.97545685227,50684.2029776733,50996.10546875,5233328
2021-11-30,50996.107032316315,51204.04203274284,50424.28578114337,50476.26953125,4714285
2021-12-01,50684.19972128966,51256.02091819162,50268.32975990641,51048.0859375,2290254
2021-12-02,50736.184986923014,51100.07121403829,50528.25,50528.25,2122339
2021-12-03,50840.1533384647,50840.1533384647,49644.5234375,49644.5234375,3667800
2021-12-06,49644.52104477668,50164.362201780765,48968.732358441994,49124.68359375,5872644
2021-12-07,49384.60393818209,49904.44140625,49124.68520414813,49904.44140625,2647964
2021-12-08,50164.361309832675,50164.361309832675,49384.60144117978,49696.50390625,2099354
2021-12-09,49436.59021048646,50424.28515625,49436.59021048646,50424.28515625,2133299
2021-12-10,50112.375129221946,50424.281308171325,49592.5376742687,49800.47265625,2965522
2021-12-13,50164.36384626148,50164.36384626148,49696.50641902284,49904.44140625,1959742
2021-12-14,49904.4434342579,50112.37842993509,49592.54094074211,49748.4921875,3970395
2021-12-15,49748.49343705002,50060.39593839997,49696.509686825026,49852.4609375,5342832
2021-12-16,50684.20209564029,50684.20209564029,49644.5234375,49644.5234375,3217561
2021-12-17,49696.5089109428,50424.285108708114,49644.525161529404,50112.37890625,2531889
2021-12-20,50164.3625806947,50164.3625806947,49644.52141976402,49800.47265625,3343489
2021-12-21,49748.48904065531,49852.45653191743,49436.58656686894,49488.5703125,3123967
2021-12-22,49384.60546875,49592.54046242165,49176.67047507834,49384.60546875,4023321
2021-12-23,49384.5979541405,49384.5979541405,48344.923143984386,48448.890625,6656791
2021-12-24,48604.84953505751,49124.687022365804,48240.963293941706,48760.80078125,2227106
2021-12-27,48968.732358441994,49384.60231926334,48500.87865251798,49124.68359375,1940938
2021-12-28,49124.68359375,49332.61857416067,48916.748613339325,49124.68359375,2189327
2021-12-29,49280.63699996178,49280.63699996178,48656.83203125,48656.83203125,1664810
2021-12-30,48708.81577864265,49020.71826299854,48604.848283857355,48656.83203125,2238787
2021-12-31,48760.80360770282,49072.706118167436,48344.93359375,48344.93359375,3158795
2022-01-04,48552.86781160079,48968.73781879451,48500.884060701566,48604.8515625,3922395
2022-01-05,48708.81577864265,48968.734515605895,48604.848283857355,48656.83203125,3266472
2022-01-06,48656.83531339921,48864.77031699607,48604.8515625,48604.8515625,4206190
2022-01-07,48396.91204310379,48708.81451939621,48396.91204310379,48552.86328125,2478052
2022-01-10,48448.8987405861,48604.84998823262,47773.110000784494,47825.09375,5236796
2022-01-11,47825.09372983988,47929.06122822707,46317.56500322562,46525.5,5012132
2022-01-12,46317.56174108805,47097.31792407389,46005.65556191628,46577.48046875,4089388
2022-01-13,47253.26927090609,48188.97669267196,46681.44806871583,47877.07421875,3554831
2022-01-14,47669.13810267041,47877.07308034083,47253.26814732959,47461.203125,1654588
2022-01-17,47045.33828225309,47461.20828278807,46265.58203125,46265.58203125,3600091
2022-01-18,45901.68623691089,46577.47860780901,45745.73500654455,45797.71875,2376030
2022-01-19,45797.723907630534,46369.54885601532,45745.7401583208,45901.69140625,1450730
2022-01-20,45953.67458063487,47305.25575175608,45901.6908319755,46161.61328125,2474037
2022-01-21,46265.58072603034,46681.45071483302,45849.70703125,45849.70703125,1692732
2022-01-24,45849.70844333891,46005.65969394294,44186.22843689597,44342.1796875,6992129
2022-01-25,44290.18793202859,45485.81397055493,43666.383042362664,44965.9765625,5187884
2022-01-26,45225.89996202614,45225.89996202614,44446.143768986934,44706.0625,2828826
2022-01-27,44706.06187047061,45069.948088764824,44394.15939764699,44654.078125,1413498
2022-01-28,44706.06507224647,46525.5,44654.08132305288,46525.5,3623088
2022-02-07,46785.418745967974,46837.40249516157,46265.581254032026,46525.5,1768836
2022-02-08,46525.50294146836,47721.12924851178,46525.50294146836,47097.32421875,1542347
2022-02-09,47669.138226779454,47669.138226779454,47097.31703669705,47149.30078125,2450493
2022-02-10,47513.19125470695,47825.09375,46889.386264120854,47825.09375,2043871
2022-02-11,47721.12765774458,48033.03016222831,47513.192654755425,47617.16015625,2015217
2022-02-14,47305.25,47617.15245403258,46993.34754596743,47305.25,1412769
2022-02-15,47305.25843589104,47669.14469715378,47045.33967784622,47357.2421875,1196136
2022-02-16,47669.13810267041,48085.00805801124,47461.203125,47461.203125,1487780
2022-02-17,47773.11109014208,48240.96484375,47305.25733653416,48240.96484375,1663349
2022-02-18,47981.04625057295,48085.01375171887,47669.14374713521,47929.0625,1129340
2022-02-21,47929.0628008102,48864.77031699607,47825.09529901177,48604.8515625,2529517
2022-02-22,48344.92905936843,48500.88029997371,47825.09159068415,48292.9453125,2454143
2022-02-23,48136.99858677359,48812.78735944692,48136.99858677359,48344.93359375,1775406
2022-02-24,48344.931242155086,48604.84998823262,46785.418765689836,47825.09375,2459436
2022-02-25,48033.02671576735,48552.86418594091,47877.07547471529,47981.04296875,1934368
2022-02-28,47981.04531688621,48604.85031162276,47981.04531688621,48500.8828125,2849631
2022-03-01,48864.76575754242,48864.76575754242,48085.009566811364,48552.86328125,2011020
2022-03-02,48344.92641222796,48552.86138831613,48188.975180161826,48396.91015625,2460896
2022-03-03,48448.89578915253,48864.76575754242,48448.89578915253,48552.86328125,2612501
2022-03-04,48500.884060701566,48760.80281519765,48344.93280800393,48604.8515625,2452501
2022-03-07,48396.914540134196,48812.78452998083,47929.06080155673,48760.80078125,3504641
2022-03-08,48760.79538274501,49592.53527035299,48136.990467039024,49280.6328125,5342832
2022-03-09,49176.669709026784,50164.36461955894,49176.669709026784,49644.5234375,6629857
2022-03-10,50060.39562326167,50060.39562326167,49176.671875,49176.671875,2864414
2022-03-11,49124.679251601476,49176.66299210928,48188.971922460965,48448.890625,2808020
2022-03-14,48344.929974225735,48344.929974225735,47045.33627792212,47721.125,4281930
2022-03-15,47721.1199387101,47721.1199387101,46681.44509193486,47305.25,7028265
2022-03-16,47357.24140251356,47981.046411481024,47045.338898029826,47617.16015625,5777923
2022-03-17,47721.12625156898,48188.97999450856,47565.17500392246,47825.09375,5023082
2022-03-18,48344.93111313762,50216.34978587939,48344.93111313762,49436.58984375,5137697
2022-03-21,49488.570941208534,49904.44091154029,49384.603448625596,49540.5546875,3659588
2022-03-22,49904.443908596404,50424.285108708114,49592.541412116,50112.37890625,3794643
2022-03-23,50164.36328125,50684.200743462876,49904.44084416607,50164.36328125,3715434
2022-03-24,49904.44140625,50528.250073909025,49540.55517860246,49904.44140625,3400249
2022-03-25,49956.42718317719,50164.36588483206,49696.508438580706,49748.4921875,2539554
2022-03-28,49644.52430143998,51308.007959826704,49488.57305590163,50996.10546875,7886631
2022-03-29,51256.024054017376,54531.00390625,51256.024054017376,54531.00390625,15454521
2022-03-30,54998.85672377818,55778.61293606682,54323.068006461355,55102.82421875,5716054
2022-03-31,54842.903965513106,57494.075014018556,54375.05025107096,55622.66015625,7031551
2022-04-01,55570.67806718458,57702.01171875,55154.80808639133,57702.01171875,8439029
2022-04-04,59001.60615174962,59001.60615174962,56818.28515625,56818.28515625,5968276
2022-04-05,56714.32359417208,58013.91735472393,56662.33984375,56662.33984375,5609836
2022-04-06,56350.43526880074,59261.52889135253,56350.43526880074,58741.69140625,8687053
2022-04-07,59105.57953192638,60769.05953733738,58273.83952922087,58897.64453125,9893959
2022-04-08,58897.64155683179,59209.544042094814,56402.41796875,56402.41796875,12044416
2022-04-12,56662.33317060061,57961.926778098714,55414.72330740242,57078.203125,6713443
2022-04-13,57182.16915246983,59833.34375,57078.201666526584,59833.34375,6412493
2022-04-14,59885.33685956719,61808.7356503539,59885.33685956719,60613.109375,9854903
2022-04-15,59833.350936715506,61288.89591474974,59261.52969534492,59781.3671875,7436165
2022-04-18,59781.36641353751,61652.781361067435,59261.52892811253,60041.28515625,7020600
2022-04-19,60561.12015069437,60821.03888271596,58221.8515625,58221.8515625,14959890
2022-04-20,58221.8515625,58741.689026543194,56974.23794281884,58221.8515625,6112090
2022-04-21,57805.977885287946,60249.21767226845,57805.977885287946,58221.8515625,8113440
2022-04-22,58481.77227402185,59209.544748316075,55102.82493739246,57753.99609375,21678306
2022-04-25,57234.161076685814,57650.03107990468,53751.24609375,53751.24609375,10985931
2022-04-26,52087.76041558879,54582.9838694887,50424.28058364044,54219.09765625,10106030
2022-04-27,53283.385966578666,54063.14212934266,52243.71108289334,53543.3046875,5770259
2022-04-28,53491.32128046293,55518.691022404855,53283.38630241528,54842.90234375,5744343
2022-04-29,54582.98828125,55674.647009201246,54167.11828964952,54582.98828125,7321186
2022-05-04,54531.00531127057,55050.842808197,54115.1316077517,54323.0703125,3829683
2022-05-05,54375.04750657467,54842.90119740262,52971.482728113544,54427.03125,4478488
2022-05-06,53179.42038577784,54063.14406860991,52087.76171875,52087.76171875,5903123
2022-05-09,51100.06632006975,51463.95251233482,48864.76171875,48864.76171875,9233107
2022-05-10,48864.76613758869,51359.989673312164,47825.09120852787,51152.0546875,6817107
2022-05-11,50944.11456163435,52971.48046875,50320.309667137226,52971.48046875,4211301
2022-05-12,51619.906146827045,52971.483495464665,49384.60144117978,49696.50390625,7803365
2022-05-13,49956.42571606622,51463.9580964306,48396.91329428676,48656.83203125,7639840
2022-05-16,50684.19517281273,50684.19517281273,48448.890625,48448.890625,3177227
2022-05-17,48344.92900756954,51827.84375,48085.01027350588,51827.84375,3733686
2022-05-18,51827.83890149277,52035.77386929132,50684.19657860073,50788.1640625,3676377
2022-05-19,49436.59021048646,50788.171402486885,49436.59021048646,50424.28515625,4666104
2022-05-20,50788.17062232777,51411.97560629443,50424.28438168056,50684.203125,2628800
2022-05-23,51048.08696701189,51048.08696701189,49956.42459038736,50164.36328125,2451693
2022-05-24,50164.3622695606,51048.0859375,49904.43983771866,51048.0859375,2563646
2022-05-25,51723.878383019044,54582.98828125,51308.00839141857,54582.98828125,6881897
2022-05-26,54686.95173831414,55674.642895384466,54375.04926766035,54894.88671875,3223766
2022-05-27,54894.89039963202,58221.85401566694,54842.90665103738,58117.8828125,8203780
2022-05-30,57753.997345169475,58429.78979192059,56766.30610865449,57857.96484375,20070073
2022-05-31,57857.96388424443,57857.96388424443,55882.581443973824,57130.19140625,5211063
2022-06-01,57130.19158920175,58689.707753018745,57078.2078406071,58117.8828125,6114646
2022-06-02,58637.7221032978,59677.39704148281,57753.994699863,57961.9296875,5044253
2022-06-03,57961.933779541214,59261.53125,57650.031276065776,59261.53125,4781812
2022-06-06,59261.52889135253,60301.20386155757,58221.85392114748,58741.69140625,6054419
2022-06-07,58585.73319129008,60093.26171875,56454.39604993851,60093.26171875,10998662
2022-06-08,60457.15592730161,61132.94466710321,59521.44844142246,59781.3671875,5582096
2022-06-09,60041.28390116169,60249.21889098506,58897.641457133155,59937.31640625,4408224
2022-06-10,58949.62292616356,59625.41161697002,57182.171875,57182.171875,7538549
2022-06-13,54894.88303376064,56641.53601097686,53647.26952891802,53772.03125,5833466
2022-06-14,53647.27278336089,56080.11722710195,53335.37031472336,55581.0703125,4403540
2022-06-15,56516.781359104876,56516.781359104876,54894.88990010184,56454.40234375,4359890
2022-06-16,56766.30440226833,58512.96129069909,56267.26116527851,57390.109375,5151963
2022-06-17,56329.64018016065,57764.39458222556,55518.694456804995,57390.109375,6123497
2022-06-20,58325.8205400751,58949.62551280677,56953.44515289232,57390.109375,4056931
2022-06-21,57639.629570289595,58325.817224878585,55518.691301163446,55581.0703125,4849764
2022-06-22,56017.7314518607,56392.01661738048,52649.18349206863,52711.5625,5363059
2022-06-23,52399.6636741703,54146.32048883437,52212.52293144984,53335.37109375,5204620
2022-06-24,53709.65628516835,54770.125435220834,53335.37109375,53335.37109375,1416540
2022-06-27,53896.79676930161,54832.50418439196,53584.89429760483,53959.17578125,3831235
2022-06-28,55830.5976377061,56267.26186524591,54395.843217792775,55955.359375,5898256
2022-06-29,55456.312299436264,56142.5,55019.651778869265,56142.5,4271832
2022-06-30,55830.59038290974,56080.1138250737,53772.03125,53772.03125,3081594
2022-07-01,54271.08177744243,55393.92993060058,52898.70645939288,54894.88671875,4207499
2022-07-04,55206.79335000816,55206.79335000816,53647.27717323046,54083.94140625,1529238
2022-07-05,54770.12956022489,54770.12956022489,53272.99609375,53272.99609375,3228511
2022-07-06,52462.04320791141,53584.895087350604,52087.76171875,52087.76171875,5713012
2022-07-07,52337.28520835144,52773.94941657646,51838.23828125,51838.23828125,3781653
2022-07-08,52337.288995443436,52399.66801285608,51838.24203223128,52150.14453125,2946694
2022-07-11,52773.94554768376,52773.94554768376,51651.09375,51651.09375,2127398
2022-07-12,51651.09751074337,52087.76171875,51588.71849787562,52087.76171875,1396618
2022-07-13,52399.66048767811,52399.66048767811,51463.953125,51463.953125,2683885
2022-07-14,51651.09375,52087.757926212886,51276.812288090216,51651.09375,3351246
2022-07-15,52399.66857992327,52399.66857992327,51276.8203125,51276.8203125,2740918
2022-07-18,51651.09764296765,52711.56680627637,51339.19516587553,51775.859375,2075841
2022-07-19,51713.47665599508,51775.859375,51276.81615284809,51775.859375,3563104
2022-07-20,53023.472767125866,53584.898745169594,52399.66777195627,52961.09375,6340950
2022-07-21,53584.89863311974,53584.89863311974,52711.57015931741,53023.47265625,3821349
2022-07-22,53896.80122094681,53959.18023804743,53085.85546875,53085.85546875,3331627
2022-07-25,54271.086306725825,54271.086306725825,53085.85533693506,53272.99609375,3415731
2022-07-26,53647.273710106885,53647.273710106885,52898.70703125,52898.70703125,2190666
2022-07-27,52773.94898248008,53148.23046875,52649.18725173096,53148.23046875,1933381
2022-07-28,53148.23450735533,53522.51972804373,51838.24179391255,52961.09375,3552610
2022-07-29,53085.85186647623,53148.23087934397,52087.76171875,52087.76171875,3260449
2022-08-01,52399.66796875,52524.42970944802,51838.241988597765,52399.66796875,3656334
2022-08-02,52399.667662384825,53085.85537922315,52087.76516545224,53023.47265625,2858787
2022-08-03,53023.46876205572,53148.23049286145,52524.42554481028,52898.70703125,3716711
2022-08-04,53085.851304021984,54021.558722989,52961.089573630896,53709.65625,5018124
2022-08-05,53709.66028791725,54395.84429768972,53397.757791479264,53522.51953125,3460140
2022-08-08,53584.8983271108,53896.8008222622,53210.61310934251,53647.27734375,2540162
2022-08-09,53647.26952891802,54582.98058404428,53460.12880028363,53772.03125,4216624
2022-08-10,53834.421805623,54083.94157815749,53647.27734375,53647.27734375,1808471
2022-08-11,53772.0390830061,54146.324300774395,53460.13658785471,53647.27734375,3856632
2022-08-12,53460.13256773063,53959.17578125,53460.13256773063,53959.17578125,1974854
2022-08-15,54021.56178414526,55581.07423746077,54021.56178414526,55456.3125,5064511
2022-08-16,55456.312719476875,55768.21891735204,54957.2694736364,55331.5546875,2153253
2022-08-17,55518.691542939625,55581.070554547834,54894.88660294799,55082.02734375,2290741
2022-08-18,54832.503885362385,55955.35574212926,54832.503885362385,55082.02734375,5099339
2022-08-19,54894.89083548407,55206.793329528366,53772.038892142446,54208.703125,3196268
2022-08-22,54021.5624796829,54458.22671342891,53584.89824593689,54146.32421875,2527844
2022-08-23,53709.65609905662,54271.08203125,53709.65609905662,54271.08203125,1693189
2022-08-24,53959.17197863438,54146.316413245935,53709.652242447584,53772.03125,1622771
2022-08-25,53772.035250579225,54083.937723500785,53647.273520215116,53834.41796875,1771513
2022-08-26,53896.796631506506,54770.12503241568,53834.4176197176,54395.83984375,2975743
2022-08-29,54271.0819589242,54271.0819589242,52836.327624337064,53959.17578125,3864692
2022-08-30,53959.17588707072,54271.08206535661,53647.27341476226,53896.796875,1982003
2022-08-31,53522.51537935697,54271.08205393523,53522.51537935697,54021.55859375,2053331
2022-09-05,53959.17197863438,54083.93369971636,53584.89052136561,53772.03125,1689538
2022-09-06,53647.27756504302,53896.80104458449,53522.51953125,53522.51953125,2424121
2022-09-07,53335.37546501856,53584.89894641461,52399.66796875,52399.66796875,3525689
2022-09-08,52462.0429563852,53023.46889341307,52274.90221270173,52586.8046875,1976831
2022-09-09,52773.949137160926,53023.46889341307,52586.8046875,52586.8046875,1742007
2022-09-12,53085.851694030476,53148.230706695584,52586.80476879974,52773.94921875,1166509
2022-09-13,53023.4689753879,53210.60971936069,52586.80476879974,52773.94921875,1943222
2022-09-14,52087.765469993814,52711.570467506186,52087.765469993814,52399.66796875,2243138
2022-09-15,52711.56665825048,52711.56665825048,52212.5234375,52212.5234375,1459430
2022-09-16,52212.51975633793,52337.28147922379,51463.953125,51463.953125,2068541
2022-09-19,51463.95679190139,52150.14075769966,51089.67159657532,51838.23828125,3093001
2022-09-20,51838.238361558295,52274.9025704598,51339.195139661206,52025.3828125,3005703
2022-09-21,51963.00026846583,51963.00026846583,51339.1953125,51339.1953125,1179283
2022-09-22,51152.05819217787,51775.8631923543,51089.67546857357,51713.48046875,1813490
2022-09-23,51838.23842821298,51838.23842821298,51214.43347354515,51401.57421875,1809535
2022-09-26,50840.15625,51152.05875351097,50091.589500378104,50840.15625,3230854
2022-09-27,51152.055099949546,51152.055099949546,50216.34765625,50216.34765625,1677371
2022-09-28,49966.82468913129,50153.96543854931,48656.83203125,48656.83203125,3598541
2022-09-29,49779.68018285537,49966.82091814994,48033.0234375,48033.0234375,1983067
2022-09-30,48033.0265816402,50403.48840379441,47970.64756778458,50216.34765625,4595930
2022-10-03,49654.91845733324,50091.58264367208,47658.73826093358,48033.0234375,3448279
2022-10-04,48656.83610421461,49280.64112514385,48157.7928286668,48344.93359375,3142126
2022-10-05,49280.63303119365,49592.535490430775,48906.3515625,48906.3515625,1622520
2022-10-06,49218.2584205328,49218.2584205328,47721.125,47721.125,1926489
2022-10-07,47533.98498705283,47533.98498705283,46161.61328125,46161.61328125,3245545
2022-10-10,45849.707083316134,47097.320757118614,44976.38232942537,46161.61328125,2730576
2022-10-11,46161.609928023114,46161.609928023114,44290.19140625,44290.19140625,3208587
2022-10-12,44290.19114006967,45724.94545500555,44290.19114006967,45163.51953125,2225190
2022-10-13,45038.761440512026,45537.8046875,44602.09720965591,45537.8046875,1458821
2022-10-14,46411.13305122837,46473.51577320621,45912.089805293974,46161.61328125,1283921
2022-10-17,45849.703212095286,46099.22666698334,45288.28099756319,46036.84765625,1111636
2022-10-18,46161.609039652176,46972.554703028356,46161.609039652176,46723.03125,1369240
2022-10-19,46723.03897730617,47533.98848077883,46598.27723015822,47097.32421875,2686926
2022-10-20,47284.460374660295,48968.734531939415,46972.55789020037,48532.0703125,2764797
2022-10-21,48469.692367744545,48469.692367744545,46099.23046875,46099.23046875,3810399
2022-10-24,46099.227101214274,46473.51228707192,44290.19130117908,44352.5703125,4888395
2022-10-25,44539.71817451192,46473.51585148419,44352.573714240854,45662.56640625,2379558
2022-10-26,46473.511849315415,46473.511849315415,45350.66000829653,46036.84765625,1026741
2022-10-27,46223.99173651768,47533.98441042911,45974.46826358856,47284.4609375,1469012
2022-10-28,47596.36370150279,47596.36370150279,46598.273509979816,46785.41796875,1408023
2022-10-31,46785.417715193355,47409.22269177285,45974.46828085792,47159.69921875,1649692
2022-11-01,47596.36750136384,47908.270016244736,46785.421703869106,47097.32421875,930013
2022-11-02,46910.17629716276,47409.223249074814,46161.61328125,46161.61328125,1487719
2022-11-03,46473.51566286358,47222.08238297667,45974.46871213642,46223.9921875,1022634
2022-11-04,46161.60952505478,46161.60952505478,44602.09348619477,45475.421875,4140276
2022-11-07,45288.28125,46161.609640998766,45288.28125,45288.28125,3096499
2022-11-08,44602.09727881391,46099.23072807691,44539.718262585324,45724.94921875,2532254
2022-11-09,45724.94905131579,46348.754035228194,45724.94905131579,46161.61328125,1365287
2022-11-10,45849.707180114696,45974.46891835611,43104.9637627143,45537.8046875,4545285
2022-11-11,45600.17978558469,45912.08222605152,44913.992192971426,45413.0390625,2200400
2022-11-14,44913.99238272843,45163.515818546926,43666.382615590075,44165.42578125,2492712
2022-11-15,43666.39184956705,43666.39184956705,41108.7890625,41108.7890625,13853569
2022-11-16,38239.27939683029,43666.38685837168,38239.27939683029,43229.72265625,5046261
2022-11-17,43229.72226943695,44913.99634484857,40235.45559938189,44290.19140625,3167219
2022-11-18,43728.773015557206,44914.00408555414,43167.35069764657,44602.1015625,1918886
2022-11-21,43354.48414298321,44789.23476535079,43354.48414298321,43728.765625,1278293
2022-11-22,43666.390470856415,44914.00046243074,43104.96449225688,43978.29296875,1819421
2022-11-23,43666.390470856415,44290.19546664358,43479.24971331582,43978.29296875,708574
2022-11-24,43541.62873050344,44290.19546664358,43292.10524979748,43978.29296875,1393728
2022-11-25,44040.67153249859,44914.0,43978.29251595322,44914.0,2231730
2022-11-28,45163.522957723595,46473.515643880826,45101.14023591935,46348.75390625,1952497
2022-11-29,46723.035413164835,46723.035413164835,45537.80446463843,46348.75390625,1739574
2022-11-30,46473.51161458173,46723.031362232134,45849.702980512404,46535.890625,1594635
2022-12-01,46847.79298431993,47284.45717420365,46223.988057622424,46598.26953125,2701832
2022-12-02,46598.27290987476,48469.691531632496,46161.612394308126,48282.55078125,4412664
2022-12-05,48656.831907308675,49280.63687443147,48282.55040942602,48843.97265625,1849990
2022-12-06,48843.97336011228,49218.258569366095,47409.22265625,47409.22265625,2338647
2022-12-07,47346.839791877996,47783.50401503153,46660.65580262073,47721.125,1671135
2022-12-08,47970.64442772757,49155.871555244674,47159.69506482231,48033.0234375,1975159
2022-12-09,47596.36284324445,48656.83203125,47533.98382876431,48656.83203125,1501862
2022-12-12,48407.30490808913,48781.590084655545,47658.73826093358,48033.0234375,3863780
2022-12-13,47533.98794600622,48220.17198863322,46910.179217284545,48157.79296875,1368329
2022-12-14,48157.785288321735,48344.92602410321,47471.59764915324,47596.359375,2686015
2022-12-15,47658.74198006098,48719.21487676625,47658.74198006098,48469.69140625,1821246
2022-12-16,48033.031030637896,48656.836050883394,47658.74579490387,48594.45703125,1713873
2022-12-19,48843.97310121506,48843.97310121506,47783.50390625,47783.50390625,1560719
2022-12-20,48157.789113519924,48157.789113519924,47034.937197687745,47783.50390625,1279358
2022-12-21,48157.79296875,48282.554714494334,47222.08543463433,48157.79296875,1296142
2022-12-22,48157.79296875,48344.933734377555,47409.22620026189,48157.79296875,1578361
2022-12-23,47658.741857724606,48656.83203125,47533.98382876431,48656.83203125,2772553
2022-12-26,48469.68764450097,48719.21109565162,47658.73828125,47658.73828125,1266126
2022-12-27,47658.74227899086,48344.929974225735,47409.22251288713,47721.125,2416083
2022-12-28,48033.02354822596,48033.02354822596,47409.21862515456,47845.8828125,896097
2022-12-29,47721.12512656854,48033.027614508654,47533.984375,47533.984375,1355881
2022-12-30,47533.98421466125,47970.6484375,47409.22247871052,47970.6484375,1716458
2023-01-03,47970.64750742837,49904.44140625,47908.26478767371,49904.44140625,2334845
2023-01-04,50403.48834037722,50528.250073909025,49467.78089785497,49904.44140625,1208029
2023-01-05,50029.20309565647,50840.15250990919,50029.20309565647,50278.7265625,1540035
2023-01-06,50153.964951374226,50590.62916642641,50029.20321764824,50091.5859375,1094116
2023-01-09,50216.34767122599,50465.86743270043,49842.062470048026,50091.5859375,789180
2023-01-10,50341.10559094863,50715.39079132342,50029.20311029174,50153.96484375,6151937
2023-01-11,50153.96082558169,50902.527460381076,50153.96082558169,50465.86328125,1637828
2023-01-12,50528.24600070029,50840.1484563978,50029.199106802494,50341.1015625,870698
2023-01-13,50216.347593068276,50653.0081014633,49904.44140625,49904.44140625,1519352
2023-01-16,49966.82019498099,50528.24609871647,49717.296747548055,50403.484375,873740
2023-01-17,50653.007756768806,51152.0546875,50528.24973006351,51152.0546875,1646802
2023-01-18,51214.433407692566,52025.3828125,51027.292662728345,52025.3828125,1683455
2023-01-19,51775.86308115588,52524.429820955454,51713.48035768556,52337.2890625,2313454
2023-01-27,52462.046986110145,53335.37546501856,52399.66796875,52399.66796875,1833412
2023-01-30,52524.42591371623,52649.18764539822,52212.5234375,52212.5234375,1391446
2023-01-31,52087.76171875,52212.52345046296,50964.913545288284,52087.76171875,2622595
2023-02-01,52399.66460237299,52399.66460237299,51027.2929548172,51152.0546875,1624749
2023-02-02,51214.43752324439,51401.5782832471,50715.39426124459,51089.67578125,3431092
2023-02-03,51152.0551305358,51152.0551305358,49966.82421875,49966.82421875,3012698
2023-02-06,49904.44146903929,50902.53163257198,49717.30072149489,50216.34765625,1544786
2023-02-07,50216.34354500278,51089.668197369465,50216.34354500278,50341.1015625,1239055
2023-02-08,50403.49582685253,50964.921858145986,50278.734074789754,50653.015625,1356010
2023-02-09,50528.24600070029,50902.527465146406,50341.1015625,50341.1015625,5308612
2023-02-10,50590.6250094489,50653.004018197506,50216.34354500278,50341.1015625,4063507
2023-02-13,50341.1015625,50653.004018197506,49904.43738332804,50341.1015625,3210109
2023-02-14,50341.101660153145,50528.24609871647,50029.1992038506,50403.484375,1195065
2023-02-15,50216.34727883522,51089.6719961379,50091.58554608413,50902.53125,7681328
2023-02-16,50902.53125,51152.0547155022,50341.10530560881,50902.53125,645153
2023-02-17,50653.00778449781,50902.53125,50528.24975772422,50902.53125,832829
2023-02-20,50902.52712020323,51775.855472628995,50777.765397574236,51651.09375,2630960
2023-02-21,51651.09375,52212.51964884188,51526.332027371005,51651.09375,1277533
2023-02-22,51339.195447553415,51463.95718027028,51027.29296875,51027.29296875,1592658
2023-02-23,50964.91790406372,50964.91790406372,50278.73017394494,50777.7734375,15984182
2023-02-24,50590.62510758608,50715.386831302545,50153.96092756707,50403.484375,1324529
2023-02-27,49904.44148392225,50216.34767122599,49842.062470048026,50091.5859375,1650757
2023-02-28,49904.44146903929,50341.10568396125,49592.53898780611,50216.34765625,1464448
2023-03-01,49592.53898780611,50216.34765625,49093.49575902853,50216.34765625,2262756
2023-03-02,49904.44140625,50216.347593068276,49779.68337869572,49904.44140625,2581049
2023-03-03,49467.777367259434,49904.437844489294,48968.73046875,48968.73046875,1126662
2023-03-06,48719.214735540554,49779.68392319419,48719.214735540554,48781.59375,1285442
2023-03-07,49343.01553326487,49842.05872469093,49155.87109375,49155.87109375,1370154
2023-03-08,48968.734099094094,49592.5390625,48968.734099094094,49592.5390625,1635091
2023-03-09,49592.53888166905,50341.10557622212,49405.39813452517,50278.7265625,1936376
2023-03-10,50029.203278079636,50153.96501195633,49280.63658079704,49592.5390625,974727
2023-03-13,48719.21071383702,49530.15636475527,48719.21071383702,49218.25390625,1348253
2023-03-14,49280.63684257033,49343.01956282882,48968.73435921059,49093.49609375,1060657
2023-03-15,49343.01922640608,50216.34765625,49343.01922640608,50216.34765625,1977439
2023-03-16,49904.44561397686,49904.44561397686,48906.35907352314,49405.40234375,1828395
2023-03-17,49654.91798550995,49904.43772820599,49031.11306980396,49280.6328125,653061
2023-03-20,49343.023735178715,49467.78548026773,48407.3125,48407.3125,2154991
2023-03-21,49031.11339743717,49093.49240703369,48095.40231164837,48719.2109375,1459238
2023-03-22,48781.5897347976,49031.113184052316,48407.30456091552,48968.73046875,1463901
2023-03-23,48906.35550112574,48968.734515605895,48407.30856137426,48656.83203125,694430
2023-03-24,48843.97273228977,49155.87521633673,48656.8319830571,49031.1171875,594203
2023-03-27,49218.257796790436,49405.398545491,48968.73432787131,49343.01953125,1609509
2023-03-28,49405.40234375,49405.40234375,48344.93307828177,49405.40234375,2450432
2023-03-29,49405.39453683665,49467.777251993604,49031.11306980396,49280.6328125,1293198
2023-03-30,49280.636811031436,49467.781265709564,49155.87507657187,49343.01953125,1472510
2023-03-31,49343.01953125,49592.53929419157,49280.636811031436,49343.01953125,2651796
2023-04-03,49530.15591424507,50465.86328125,49343.01518203953,50465.86328125,1810143
2023-04-04,50465.86741765003,50528.250137483185,49904.44146903929,50216.34765625,889102
2023-04-05,50216.34754877788,50278.7265625,49717.30061509082,50278.7265625,641807
2023-04-06,50341.10569897444,50840.15263387838,50091.5859375,50091.5859375,962577
2023-04-07,50029.203202728066,50341.10568396125,49904.44146903929,50216.34765625,6567710
2023-04-10,50528.25015255219,50528.25015255219,49966.82420377401,50091.5859375,1170766
2023-04-11,50029.20321764824,50216.34767122599,49966.82420377401,50091.5859375,812145
2023-04-12,50091.5859375,50216.34767122599,49842.062470048026,50091.5859375,970626
2023-04-13,50091.5900319952,50153.9690509683,49467.78501835287,49654.92578125,852448
2023-04-14,49842.066544147136,49966.82828807116,49467.78501835287,49654.92578125,855489
2023-04-17,49654.92578125,49717.3048002231,49280.6405494779,49654.92578125,947687
2023-04-18,49654.925806487445,49904.445588484494,49405.402318512555,49530.1640625,506296
2023-04-19,49779.687663940625,49779.687663940625,49467.78515625,49467.78515625,638461
2023-04-20,49779.68755047489,49779.68755047489,49405.402318512555,49530.1640625,554205
2023-04-21,49904.4457022346,49904.4457022346,49467.78515625,49467.78515625,582797
2023-04-24,49592.53929419157,50278.7269807304,49280.636811031436,49343.01953125,1208332
2023-04-25,49343.01574662743,49467.77747151774,48843.96884706621,48906.3515625,1455841
2023-04-26,48719.214627607485,48906.35537654882,48407.30843806853,48843.97265625,1962991
2023-04-27,48719.214627607485,49155.8751398114,48719.214627607485,48843.97265625,336111
2023-04-28,49155.879379762424,49155.879379762424,48344.93359375,48344.93359375,1453957
2023-05-04,48532.06628554288,49093.49219337736,48407.30456091552,48968.73046875,3686396
2023-05-05,49031.113287390304,49031.113287390304,48781.589837609696,48906.3515625,485462
2023-05-08,48968.73046875,49218.25391800472,48906.35145942496,48968.73046875,1236318
2023-05-09,49031.11317234229,49779.679813950395,49031.11317234229,49218.25390625,921496
2023-05-10,49280.6328125,49654.91798550995,49280.6328125,49280.6328125,961951
2023-05-11,49343.01953125,49654.92201441013,49280.636811031436,49343.01953125,761957
2023-05-12,49467.78096009486,50278.72667010562,49155.87477288415,50216.34765625,1890598
2023-05-15,50777.7697607211,51027.29322741972,50403.48826665069,50528.25,2128768
2023-05-16,50528.25374648903,50964.91799259995,50403.49200388908,50840.15625,2084181
2023-05-17,51089.67602922209,51588.722999621896,50590.6327648001,50840.15625,2070213
2023-05-18,51027.29645094703,51775.8631923543,50777.77296848536,51713.48046875,2357049
2023-05-19,51775.855472628995,51962.99620358389,51027.288842832226,51651.09375,3123875
2023-05-22,51651.09385634018,51651.09385634018,51152.05067077396,51463.953125,911003
2023-05-23,51463.95716621825,51463.95716621825,50777.7694894516,51152.0546875,1740031
2023-05-24,51152.05877756627,51214.437795906684,50590.63278859138,50715.39453125,706140
2023-05-25,50653.01510442244,52025.39065703056,50528.25705961992,51900.62890625,2115991
2023-05-26,51838.23828125,52025.38273190178,51339.19506012603,51838.23828125,2145040
2023-05-29,52087.761744800715,52212.523476576076,51713.47654947464,51838.23828125,1337759
2023-05-30,51775.86297123763,52961.093948902235,51713.480247899744,52399.66796875,8307017
2023-05-31,52524.42568731083,52524.42568731083,51838.238019006436,52462.04296875,1276621
2023-06-01,52399.66419504367,52399.66419504367,51838.238255324075,52087.76171875,1714481
2023-06-02,52087.76159959738,52586.80481933018,51838.23813674225,52274.90234375,1119210
2023-06-05,52337.288645389395,53148.23439621858,52274.90592241625,53023.47265625,2623963
2023-06-06,53210.61328125,53210.61328125,52836.33176825022,53210.61328125,781728
2023-06-07,53023.47265625,53272.996136187154,52586.80841934883,53023.47265625,1949676
2023-06-08,52836.33225267784,52961.09399348088,52087.76551383736,52150.14453125,2885219
2023-06-09,52586.80476879974,52836.32823141511,52212.523280854155,52773.94921875,1450304
2023-06-12,52711.57026954107,52961.09375,52150.144291497345,52961.09375,1134116
2023-06-13,52649.18359375,52961.0860459636,52586.80087972097,52649.18359375,1580340
2023-06-14,52586.808704834075,52898.71120345993,52462.04696418819,52524.4296875,1229777
2023-06-15,52524.42568731083,52649.18741845504,52150.14049387822,52462.04296875,1244986
2023-06-16,52462.03905632015,53772.031576673595,52025.37858884618,52711.5625,3698005
2023-06-19,52836.328125,53335.37134324817,52711.56639394359,52836.328125,1115104
2023-06-20,53023.46862055677,53522.515542447894,52836.32787783632,53335.37109375,2382144
2023-06-21,53335.37506860504,53896.80104458449,53272.996051708535,53522.51953125,4053515
2023-06-22,53709.65628516835,53959.17604013647,52836.32787783632,53335.37109375,1550834
2023-06-23,53397.7579662086,53397.7579662086,52898.71100549266,53085.85546875,2367696
2023-06-26,53085.855295041285,53522.51953125,52773.952798603306,53522.51953125,2646021
2023-06-27,53647.277113800206,54458.2265625,53647.277113800206,54458.2265625,2642975
2023-06-28,54520.60178535351,54770.125245434436,54271.08203125,54271.08203125,1949455
2023-06-29,54271.0819589242,54333.46097087259,53959.17578125,53959.17578125,1942307
2023-06-30,53959.1798389014,54021.562561518294,53647.27734375,53647.27734375,1815163
2023-07-03,53959.17588707072,54146.32033523774,53647.27341476226,53896.796875,2196370
2023-07-04,53896.796841128606,54271.08203125,53772.035111088146,54271.08203125,2019872
2023-07-05,53874.96743734622,54879.29477847685,53659.75390625,53659.75390625,3319764
2023-07-06,53659.75818416174,53946.70834650734,53085.857859470554,53516.28125,2383010
2023-07-07,53229.3275852279,54161.91833097113,53229.3275852279,54018.44140625,1587924
2023-07-10,54018.44140625,54448.868474435745,53731.491262785385,54018.44140625,1944470
2023-07-11,54018.43616947918,54090.17647787377,53803.22265625,53803.22265625,2724614
2023-07-12,53803.22787215713,54305.391549714615,53731.491262785385,54018.44140625,1720438
2023-07-13,54377.12890625,54377.12890625,54090.17877839915,54377.12890625,1791838
2023-07-14,55166.246842580505,56170.57421875,54592.34283764241,56170.57421875,3733151
2023-07-17,56672.734375,56816.20758781001,56314.04393102,56672.734375,1649554
2023-07-18,56672.73305141622,56672.73305141622,56027.09249091756,56457.51953125,2218359
2023-07-19,56314.0390625,56600.989169289795,56170.565862093696,56314.0390625,1258886
2023-07-20,56385.78331979888,58322.7014361317,56314.04670985402,57605.32421875,3087119
2023-07-21,57174.89752194231,58107.48828125,57103.16091152717,58107.48828125,1816618
2023-07-24,58107.48828125,58322.701818473135,57820.53813361172,58107.48828125,8186040
2023-07-25,58107.481799284215,58968.33214617007,58107.481799284215,58322.6953125,1947001
2023-07-26,58250.96723246536,59327.03125,58179.22691357931,59327.03125,1841251
2023-07-27,59398.76177580685,60546.565994602184,59398.76177580685,60044.40234375,2352742
2023-07-28,59900.92583391723,60546.56640625,59613.975703761826,60546.56640625,1188159
2023-07-31,60761.77738409441,61550.89118357732,60546.56756185343,61407.41796875,2000050
2023-08-01,61407.418493729136,61909.58216187291,60618.3046875,60618.3046875,1900848
2023-08-02,60618.30295899651,60833.5164829182,59900.92578125,59900.92578125,2270116
2023-08-03,60116.138949306755,60403.08907751123,59470.498381363606,60044.40234375,1332970
2023-08-04,60259.612875561696,60618.3033195572,59757.44921875,59757.44921875,3316598
2023-08-07,59972.66409732475,60618.3046875,59757.450567266336,60618.3046875,995203
2023-08-08,60259.61292483897,60690.039975594555,60116.139711905445,60403.08984375,1197809
2023-08-09,60259.61343815568,60761.777099655665,59542.23995542215,59613.9765625,1946764
2023-08-10,59613.9725696391,59757.445774185166,58968.33203125,58968.33203125,1842677
2023-08-11,58824.86328125,59542.24047623592,58466.17283076825,58824.86328125,1697245
2023-08-14,58896.602502352216,59685.71634005852,58824.86589146375,59255.29296875,1341164
2023-08-15,59255.29350798869,60474.830728101624,58466.17595712348,60259.6171875,2268895
2023-08-16,59685.712513124374,61120.46687476634,59685.712513124374,61048.7265625,5561650
2023-08-17,60976.99000609218,62555.21758160288,60976.99000609218,61694.3671875,5730403
2023-08-18,61407.420203774636,63057.388176184984,60474.82944954367,61335.68359375,5665198
2023-08-21,61622.6328125,62196.53309601611,61335.68267074194,61622.6328125,4933212
2023-08-22,61909.577575824114,62053.05078125,59542.236332501205,62053.05078125,5044044
2023-08-23,61981.31417853705,62268.268001343444,60761.773402530474,62053.05078125,7091908
2023-08-24,62288.006178634096,65639.17449761037,61996.59696522904,65566.3203125,8342066
2023-08-25,65202.06376770693,66294.8313708595,64910.65455731113,66003.4296875,4868649
2023-08-28,67023.34414318392,68698.93000487419,66294.8249512581,68480.375,4714315
2023-08-29,68480.37794470826,68480.37794470826,67606.15788761938,68188.96875,4717091
2023-08-30,67897.5712022172,71540.14536220819,67824.72453632117,70374.5234375,4227237
2023-08-31,70374.5130053665,71030.17806345974,70010.25714877118,70447.3671875,2173791
2023-09-05,70738.76594786099,71904.39517879815,70520.2109375,70520.2109375,2636535
2023-09-06,70738.76882735717,72122.953125,70155.95795168253,72122.953125,3618889
2023-09-07,72122.95181790889,73434.27438265258,71103.0309222034,71321.5859375,4815354
2023-09-08,71030.17706888662,71758.68877187656,70665.92121739165,71103.03125,3485578
2023-09-11,71904.39452445766,72487.2053711047,69427.44278093099,70957.3203125,7776047
2023-09-12,70957.32642648139,72050.1015625,70957.32642648139,72050.1015625,5305224
2023-09-13,72050.09470672272,72122.94888453712,70957.31967468486,71394.4296875,6316417
2023-09-14,71394.43226045195,71394.43226045195,69573.14549277606,69864.5546875,4211763
2023-09-15,69937.40456569265,71248.73471186147,69427.4478602067,71030.1796875,3706965
2023-09-18,70593.0703125,70593.0703125,69718.85020671078,70593.0703125,3503961
2023-09-19,70520.21446082575,71685.84375,69864.55692402064,71685.84375,5813444
2023-09-20,71977.24251243043,72632.90754972171,71758.6875,71758.6875,3522476
2023-09-21,71758.68682053365,72050.09601002689,70155.95509591028,70520.2109375,5922021
2023-09-22,69281.74543558052,70665.92220686442,67460.45862556782,70447.3671875,10326872
2023-09-25,70665.92523143256,71103.0352888701,68698.9375,68698.9375,4167168
2023-09-26,68626.08141608015,69573.14816296821,67824.71550862807,68116.1171875,3396178
2023-09-27,68407.52828602951,68698.9375,65857.72965369235,68698.9375,6877529
2023-09-28,68553.22165026767,68698.93000487419,66586.23413343554,68480.375,2786241
2023-09-29,68480.38419943671,69136.04177510265,67606.1640625,67606.1640625,4538818
2023-10-02,68043.27086719143,68334.67254750185,67023.34993203252,67897.5625,2100313
2023-10-03,67169.0546875,68116.12149426811,66659.09795371306,67169.0546875,3767271
2023-10-04,66513.38152241675,68043.26659256245,66513.38152241675,67387.6015625,3581593
2023-10-05,67606.15755275878,67970.41339906299,66731.9375,66731.9375,1956108
2023-10-06,66659.0921447569,67606.15886899359,66294.82876432494,67533.3046875,1771619
2023-10-09,67314.7490123778,69646.0,67169.04817785014,69646.0,6578113
2023-10-10,70301.66147917107,70811.61813766317,69500.29563937237,70155.953125,7681210
2023-10-11,69864.55598343926,71394.43358476939,69864.55598343926,70665.921875,3857465
2023-10-12,70665.91467966871,71248.72549354858,69937.39551704243,70228.8046875,2908572
2023-10-13,69937.40362967581,70155.95865111223,69427.44693101496,70010.2578125,3927823
2023-10-16,70520.2109375,72050.09601002689,70155.95509591028,70520.2109375,9220997
2023-10-17,71248.72935921456,71248.72935921456,67824.7109375,67824.7109375,3628145
2023-10-18,69136.02815527536,69136.02815527536,66294.82079698669,67751.8515625,10451319
2023-10-19,68480.38258060574,68698.93760967342,67023.3515625,67023.3515625,7937083
2023-10-20,67387.59863611512,67751.85446131966,65639.16615891206,67679.0078125,5116056
2023-10-23,68334.66991678905,68334.66991678905,66149.12729045391,66294.828125,4032964
2023-10-24,67314.75324989931,67314.75324989931,66149.13144622928,67023.3515625,3535707
2023-10-25,66877.64944976145,67533.30699748664,66221.984375,66221.984375,3399748
2023-10-26,64327.84179007689,65493.463543640006,62652.2595784504,63235.07421875,8065825
2023-10-27,63745.029285306206,64109.28513311241,62870.812992460546,63380.7734375,3272921
2023-10-30,63380.777096116944,63453.631280698006,61923.74609375,61923.74609375,2628202
2023-10-31,61996.59240217494,62142.29699815336,60466.71484375,60466.71484375,4082820
2023-11-01,61413.78255523514,62215.1484375,60175.3104048827,62215.1484375,6681931
2023-11-02,62943.66752350087,64837.80859375,62579.411651885835,64837.80859375,4945222
2023-11-03,64837.804355760716,64983.50518947602,63380.7734375,63380.7734375,7206439
2023-11-06,64254.995474956784,64764.95217220115,63963.586271505636,64473.54296875,2639808
2023-11-07,64473.54850697309,64692.103546576116,64036.445954803814,64327.84765625,1772412
2023-11-08,64254.9972463492,67460.4609375,64109.28887708865,67460.4609375,5503052
2023-11-09,67023.34572147722,67970.41241354358,66877.64489047526,67387.6015625,3981781
2023-11-10,66659.09375,67533.30631379536,66513.38538350395,66659.09375,3905077
2023-11-13,66731.93520309952,67023.34438633415,65930.56935799879,66586.234375,2657562
2023-11-14,67023.350883791,68043.2718334332,66513.38664545176,67460.4609375,2946925
2023-11-15,68261.8242559148,68334.67091072946,67023.34832666932,67314.75,3900448
2023-11-16,67169.0407617017,67751.8515625,66731.9307793442,67751.8515625,3248589
2023-11-17,68043.26824769685,68116.11490145193,66003.42645590781,66294.828125,5093342
2023-11-20,65639.17121526867,67460.45800862525,64910.65198170442,66076.28125,2928806
2023-11-21,67023.34636722077,67023.34636722077,66076.2796660298,66950.4921875,2186619
2023-11-22,66950.48577052295,67824.70573523795,66950.48577052295,67751.8515625,4488960
2023-11-23,67970.41171338876,68261.82089942666,66149.125,66149.125,3480157
2023-11-24,66149.12985507387,67023.34995031604,65712.01980745277,66440.5390625,3307438
2023-11-27,66586.23793916257,66586.23793916257,65639.17121526867,66076.28125,2885428
2023-11-28,66149.13246755788,66950.49841083349,65493.467370231505,66367.6875,4176188
2023-11-29,66731.94268925948,67023.35190518513,66367.68681462973,66804.796875,1236271
2023-11-30,66586.23634296776,68261.82226025904,66513.38216324699,66950.4921875,3769255
2023-12-01,67169.04916333465,67679.01338221741,66513.38410778657,67314.75,2480105
2023-12-04,67460.45705378319,68480.37794470826,67460.45705378319,68188.96875,4862040
2023-12-05,68334.67602062438,69791.70707733902,68261.82936036245,69063.1953125,4855821
2023-12-06,69208.890625,69500.29982385179,68553.2255728605,69208.890625,2785315
2023-12-07,69281.7484009046,69427.44924437164,67606.16235640614,68698.9375,6666629
2023-12-08,68698.93230474222,69281.7431615726,68116.11392087604,68626.078125,2597613
2023-12-11,69573.14647828773,69718.84731419562,68917.48142614822,69208.890625,2409328
2023-12-12,69500.29759186308,70520.2109375,69427.44341273083,70520.2109375,7013331
2023-12-13,70957.31758595305,70957.31758595305,69354.5859375,69354.5859375,6207110
2023-12-14,69791.70018163485,70228.81020816464,69354.59015510505,70083.109375,8102738
2023-12-15,70083.109375,70155.9560280644,69208.8893219404,70083.109375,3159981
2023-12-18,69864.55167951282,70083.10668438702,68261.81999512581,68480.375,8675465
2023-12-19,68407.52766398428,68917.484375,68188.97263725287,68917.484375,2858348
2023-12-20,68698.93426429087,69208.89095592486,68553.22590065027,68990.3359375,6634319
2023-12-21,68917.47882094607,69281.7421875,68480.37632974565,69281.7421875,2621513
2023-12-22,69208.89358632064,69281.74777090989,68771.78353285784,68917.484375,2276417
2023-12-25,69136.040317054,70083.11462110758,69063.19365853663,69937.40625,3623384
2023-12-26,70301.66053585059,71831.53801783427,70228.80635974262,70811.6171875,5673391
2023-12-27,70957.32618090008,71248.73539184192,70593.0703125,70593.0703125,3030771
2023-12-28,70665.93268219563,70665.93268219563,70155.96838573756,70374.5234375,2104360
2023-12-29,70374.51367254864,70665.92287680924,70010.2578125,70010.2578125,3226270
2024-01-02,70593.066383756,70593.066383756,69718.84632662009,69864.5546875,2933007
2024-01-03,69645.99646650789,70301.66147917107,69500.29563937237,70155.953125,2061643
2024-01-04,70155.95218363465,71685.8371926538,70083.10553456214,70811.6171875,3968292
2024-01-05,70884.47366106643,71030.17449096926,70301.66281441938,70957.3203125,1985468
2024-01-08,70957.32321691532,71612.98826886922,70738.76819959735,70884.4765625,2054369
2024-01-09,70884.48773395807,70884.48773395807,70374.5234375,70374.5234375,2400335
2024-01-10,70447.36688465375,70593.06772125831,68844.63510089544,68990.3359375,5038723
2024-01-11,68990.33560762016,69500.29982385179,68990.33560762016,69208.890625,2079497
2024-01-12,69063.1901193203,69646.00099277459,68553.22590065027,68990.3359375,3620342
2024-01-15,69208.88768851252,69864.55271283259,69136.03351013172,69500.296875,2787800
2024-01-16,68990.33981153283,69718.8515625,68990.33981153283,69718.8515625,1576286
2024-01-17,69646.00490362516,69937.40659319745,69208.89484223028,69718.8515625,2735589
2024-01-18,69718.84665374586,69937.40166905533,69354.59080390875,69646.0,2153425
2024-01-19,69937.39812077893,70593.06313344212,69718.84311655788,70155.953125,2829355
2024-01-22,70520.2063309223,70520.2063309223,69791.69469533129,70228.8046875,1615829
2024-01-23,70010.25584983712,70228.81086514657,69500.29916547234,69646.0,5503859
2024-01-24,69791.70149566757,69791.70149566757,69136.03644352805,69208.890625,3524195
2024-01-25,69281.7421875,69718.84467870042,69063.18717838192,69281.7421875,1986393
2024-01-26,69573.14549277606,70083.10970178398,69427.44465893204,69864.5546875,1944641
2024-01-29,69864.5546875,70010.25552134402,69427.44465893204,69864.5546875,3804169
2024-01-30,69864.55501530945,69864.55501530945,69500.29916547234,69646.0,1688087
2024-01-31,69646.00490362516,69937.40659319745,69573.15071771386,69718.8515625,3087236
2024-02-01,69864.54754821987,72778.6015625,69718.83920222952,72778.6015625,10875047
2024-02-02,72997.1698101702,74454.20084541338,72924.32315098177,74308.5,5089639
2024-02-05,74308.4980229196,75838.37567664668,74235.64383863304,75401.265625,4258316
2024-02-06,75474.11913588984,76494.04007162002,74964.15490450662,75838.375,4779381
2024-02-07,76275.48665668978,76494.04168517329,75692.67575641256,76421.1875,3208250
2024-02-15,76639.74356323735,76858.2985946717,75619.82259222261,75765.5234375,4622956
2024-02-16,75765.52495483423,76566.8984375,75619.82410663892,76566.8984375,3118585
2024-02-19,76858.29492180486,77951.07002675554,76494.0390625,76494.0390625,3925310
2024-02-20,76639.7353364213,76639.7353364213,75765.51530452623,75984.0703125,5136985
2024-02-21,75765.51883433374,77878.21483416243,75401.26297975253,77149.703125,5165419
2024-02-22,77149.7071158452,77222.5537743081,76202.6328125,76202.6328125,2997794
2024-02-23,76858.28568297523,77732.50566184925,75255.55407306299,75692.6640625,6821506
2024-02-26,75692.67719420386,78679.5859375,75401.26797501171,78679.5859375,6577716
2024-02-27,79043.8365989185,79772.35583529467,78242.47070782993,78606.7265625,5947545
2024-02-28,78679.58008587793,79043.8359375,77441.10416873412,79043.8359375,6683780
2024-02-29,78825.28286760574,79699.5029547152,78461.02700698886,79408.09375,3933246
2024-03-01,79553.80013917411,81156.5319076937,79480.9459580465,80719.421875,6561449
2024-03-04,80865.12205488714,81447.93291807697,80719.42122084864,81156.53125,4181213
2024-03-05,81156.53454288005,81156.53454288005,80063.75942566295,80646.5703125,6296577
2024-03-06,80136.60247926728,80428.00411869596,78970.98086748223,79480.9375,4896686
2024-03-07,79480.94022214477,82977.81270429956,78825.2752204216,81083.671875,6942792
2024-03-08,81083.67607519079,82030.74277538157,79772.35353085246,80136.609375,4470577
2024-03-11,80136.609375,82686.40781106864,80136.609375,80136.609375,5400095
2024-03-12,80136.61228819899,82686.41081696021,80136.61228819899,81520.7890625,4136514
2024-03-13,82176.45593187666,85236.21875,81593.64504181073,85236.21875,8374993
2024-03-14,86328.98634623503,86328.98634623503,84289.14446748614,85236.21875,8219866
2024-03-15,85090.50617374087,85090.50617374087,83414.92777031183,84507.6953125,6202655
2024-03-18,84361.99811579866,84361.99811579866,80937.97945400153,82322.15625,10442855
2024-03-19,82322.1523163877,82322.1523163877,80937.97558652956,81593.640625,5374902
2024-03-20,81812.19790049185,83779.18554326802,80937.97782501974,83414.9296875,5110932
2024-03-21,83924.8867229881,84653.3984375,83487.77668346652,84653.3984375,5605414
2024-03-22,84726.25690563087,84726.25690563087,83414.93424776917,83706.3359375,3773061
2024-03-25,83123.51824250112,83852.02993436885,82904.96322953362,83050.6640625,3970409
2024-03-26,83050.66824441272,84143.44336427552,82759.2665638068,83779.1875,4113356
2024-03-27,83560.62697221659,83997.73699137098,83123.5169530622,83924.8828125,1941163
2024-03-28,84434.84222576687,85527.60968469211,83997.73223138264,85309.0546875,3774942
2024-03-29,84799.10647005565,85381.91734479077,84507.69726917005,84871.953125,3430960
2024-04-01,84507.69694003476,85673.31868496523,83924.88606756953,85090.5078125,4289659
2024-04-02,84070.58944283187,85236.21875,84070.58944283187,85236.21875,3630922
2024-04-03,84580.550480334,85236.2155295238,83852.03125,83852.03125,3802186
2024-04-04,83779.18328140359,84361.99414030496,83050.6640625,83050.6640625,3874923
2024-04-05,82395.01464565707,83560.63647797809,82030.75123689973,82832.1171875,3757015
2024-04-08,82832.11593851689,82832.11593851689,82030.75,82030.75,2581518
2024-04-09,82030.74704329896,82467.85708983243,81957.90038690086,82322.15625,1894479
2024-04-10,82686.4137224794,84216.29891512365,82540.71287981111,82904.96875,2621220
2024-04-11,82686.41496936913,84070.59181318179,82540.7141245037,83706.3359375,2146812
2024-04-12,84434.84668733274,84434.84668733274,83269.21746503748,84143.4375,2463181
2024-04-15,84143.45020302592,84216.30439261673,81229.38799790919,81302.2421875,5672597
2024-04-16,81593.6445238017,82467.85708983243,81229.38113366636,82322.15625,5981930
2024-04-17,82395.00388877484,82395.00388877484,81302.22885924064,81447.9296875,3964985
2024-04-19,80500.86885888681,81010.83308537937,79408.09375,79408.09375,10383077
2024-04-22,80136.6168427377,81156.53781761629,79335.25090012142,80355.171875,3313148
2024-04-23,80792.2744323914,82540.7070009908,80063.75521686477,81812.1953125,5599066
2024-04-24,82759.26800299778,87494.609375,82467.85879028798,87494.609375,14475686
2024-04-25,89243.04332240894,93249.87267146664,88805.93329759613,89753.0,12187496
2024-04-26,89607.29916740768,91355.73173962308,89024.48831000253,89753.0,8005090
2024-05-02,90190.10786892303,93978.38211502002,89971.55286174093,92739.90625,9109378
2024-05-03,93322.71605853757,93541.27106329592,91501.43689727722,91719.984375,6170121
2024-05-06,92157.10283475094,92958.46875,90700.07184510639,92958.46875,3629732
2024-05-07,93249.87879518823,95872.53158925891,92667.06789950989,95653.9765625,5123585
2024-05-08,94779.75679239245,95435.421875,94196.94589464231,95435.421875,5057899
2024-05-09,95144.00842827316,96746.74773455244,94706.90591969083,94925.4609375,4022513
2024-05-10,95653.97690253585,96309.64198514339,94124.09923682126,95435.421875,5513103
2024-05-13,95653.9733142744,95799.67415148718,93832.68650448837,94488.3515625,5766362
2024-05-14,94706.90819972738,95945.37662774704,94415.49899328756,95071.1640625,4168385
2024-05-15,95799.67155934118,97985.21416654083,95653.97072607077,97693.8125,6239156
2024-05-16,98786.5758270566,100025.05167462655,97766.65498358931,98640.875,5348055
2024-05-17,98640.88382094073,99077.99386823455,97402.40786262033,97985.21875,4032301
2024-05-20,98495.17703784748,99150.84206922665,96892.4453125,96892.4453125,4157277
2024-05-21,97620.96123024939,99077.9921875,97256.70537269575,99077.9921875,5562829
2024-05-22,100462.17706180125,101773.50728715857,99150.85436348063,100535.03125,9432597
2024-05-23,100170.7578125,100389.30528473189,98349.471169963,100170.7578125,4984501
2024-05-24,100535.01739801868,100535.01739801868,95144.00391705343,96091.078125,18693006
2024-05-27,96892.44301534024,97256.69884845862,95144.00297311506,96746.7421875,8095153
2024-05-28,97620.95741310064,99806.5,96965.2923789201,99806.5,7167286
2024-05-29,99879.35842080155,100680.72432092876,98203.77243797696,98859.4375,8077299
2024-05-30,97475.25651749711,98349.4765625,96091.07979759974,98349.4765625,9655968
2024-05-31,98349.47951191867,99660.80209171267,97475.25944069866,98058.0703125,3566251
2024-06-03,98349.48719298847,100243.62079251515,98130.93215811437,99733.6640625,10280584
2024-06-04,101263.5364415369,101482.09146488999,100389.31634812448,101336.390625,9323359
2024-06-05,101992.05959079062,105561.77923018143,101773.5045590895,102064.90625,8387029
2024-06-06,102210.60515040724,103230.52610325807,101117.83753973329,101700.6484375,6919053
2024-06-07,102720.5586482356,103449.0703125,102356.3028161034,103449.0703125,5259051
2024-06-10,104541.84572899823,105634.61322950352,104177.58989549648,104906.1015625,4992965
2024-06-11,105124.66659558326,106727.3984375,104250.44649016093,106727.3984375,11133464
2024-06-12,108129.69874688899,112187.73380451133,108045.159672932,111595.9375,12897824
2024-06-13,113033.15315453775,113117.69982277349,109905.0859375,109905.0859375,9977629
2024-06-14,109989.62582331765,112103.1860604238,109059.65810369437,110750.5078125,7598279
2024-06-17,110750.51366249085,111088.6775456314,108636.9533137436,108890.578125,5597739
2024-06-18,108890.56968445964,109651.45165485382,108214.234375,108214.234375,7977319
2024-06-19,108214.24504996442,112272.27249823944,107030.64484934608,111173.2265625,11809579
2024-06-20,112441.35197690997,114723.99798609814,111426.8451713609,112694.984375,12719804
2024-06-21,113202.23636267535,115062.171875,112694.98674702596,115062.171875,8801294
2024-06-24,114132.20844985495,114554.9190108048,111595.93748855169,111680.4765625,16549534
2024-06-25,110750.51464183725,110835.05371446896,108721.49334703188,109905.0859375,16157660
2024-06-26,110750.5161852091,111426.8515625,109397.83783502318,111426.8515625,8304609
2024-06-27,111004.13402394933,113371.31908906017,110581.42349026576,112272.265625,7506854
2024-06-28,112272.27150832217,112272.27150832217,110243.2578020747,110327.796875,7627949
2024-07-01,110243.25624347317,110243.25624347317,108636.9531157699,108721.4921875,7422099
2024-07-02,108721.48395819389,111680.46517883608,107791.51626153395,108214.234375,8694000
2024-07-03,110327.78968859593,112272.26419526119,109989.62582331765,110750.5078125,9066715
2024-07-04,111680.47192659359,114808.5390625,111680.47192659359,114808.5390625,9335584
2024-07-05,115062.17400590252,118105.69454297505,115062.17400590252,117260.2734375,8980809
2024-07-08,117091.18071953412,118021.1484375,116245.75966443979,118021.1484375,7021554
2024-07-09,117598.4439398723,117767.52967868184,114977.6263817305,116245.765625,11150514
2024-07-10,114977.62340308396,115823.05207522966,113286.78125,113286.78125,7288354
2024-07-11,113371.3271727755,114470.38071520148,112018.64881117591,112441.359375,7914414
2024-07-12,111765.01703509896,114977.62319667413,111765.01703509896,113117.6953125,4128499
2024-07-15,112864.06189730912,113963.11536142802,111849.55509729363,112187.7265625,3527279
2024-07-16,112948.60978114173,113709.49178827099,111849.55630515417,113286.78125,5005029
2024-07-17,113286.78713086729,113371.32620466854,109820.54838414218,111511.390625,8015614
2024-07-18,111088.67674107423,111088.67674107423,108045.15624122812,108129.6953125,12448979
2024-07-19,108721.48999734582,109313.28627434677,106523.390625,106523.390625,7563204
2024-07-22,106523.38900846864,106523.38900846864,104156.20393638777,104917.0859375,7149434
2024-07-23,105593.42248242014,107791.52184655872,105508.8834127087,106100.6796875,6223339
2024-07-24,106100.680083657,107030.64023637008,104832.54086402425,106523.390625,4797454
2024-07-25,105001.62559693088,106100.67907040987,104917.08652771113,105677.9609375,3735660
2024-07-26,106438.83804701133,108214.234375,105170.70649342325,108214.234375,7686254
2024-07-29,109905.07729223136,110412.33447493224,109059.65625,109059.65625,5761269
2024-07-30,109059.65541072539,109482.36592858807,107368.80574367127,108214.234375,2787369
2024-07-31,107622.43868138517,108721.4921875,107030.64239246272,108721.4921875,3556144
2024-08-01,109566.91004763903,109651.45671247326,104917.08654107526,105508.8828125,7900845
2024-08-02,103226.2353980403,105508.88138359494,102296.2676710806,104156.203125,11680779
2024-08-05,102380.81016775555,103902.56650058451,99252.73565064296,100267.25,11977479
2024-08-06,101450.85213167874,103057.15527759524,101281.7663906974,102127.1875,8075126
2024-08-07,102296.26644684712,103141.6875,101619.93112344551,103141.6875,3246219
2024-08-08,102803.53105445259,103479.86642665887,102211.73475542056,102634.4453125,3711774
2024-08-09,103479.86334584234,107284.2734375,103141.69187200525,107284.2734375,6913109
2024-08-12,107284.2759430646,110074.17167836745,106692.47964783054,109905.0859375,7791250
2024-08-13,109651.4609375,110074.17149114764,108214.2435359772,109651.4609375,5016645
2024-08-14,110496.88184605041,111173.22480715334,109482.375,109482.375,4395529
2024-08-15,109144.20294566972,109482.3744244434,108383.32091623094,108806.0390625,2651439
2024-08-16,109144.19676175124,110750.50739711347,109144.19676175124,110412.3359375,6309589
2024-08-19,110835.05409936389,111088.6789137438,109905.08631916545,110327.796875,2938090
2024-08-20,110496.88359071809,112018.64768162328,110496.88359071809,111173.2265625,4582059
2024-08-21,110412.33835317075,113117.69489806099,110412.33835317075,112864.0625,7442684
2024-08-22,113286.7810466256,113709.49158413774,112864.06291350976,113117.6953125,4094574
2024-08-23,113033.14804155321,113033.14804155321,111934.10216903548,112525.8984375,3823751
2024-08-26,112694.99065340518,112864.06880074655,111173.2265625,111173.2265625,3171929
2024-08-27,111173.21955913409,112103.18728894876,110243.2518293194,112018.640625,3438384
2024-08-28,112441.35197690997,113709.49118054907,112356.81290794908,112694.984375,3346155
2024-08-29,112272.2664331512,113117.69510220748,111765.01682732115,113033.1484375,3033355
2024-08-30,112864.07144292729,114047.67167125405,112441.36087346986,113963.125,3886769
2024-09-04,112441.359375,112441.359375,111173.22768352773,112441.359375,5675479
2024-09-05,112441.3495039738,112441.3495039738,109651.45395117145,110412.3359375,9263939
2024-09-06,110327.79821009799,112356.81953650308,110158.72006220135,111680.4765625,4889109
2024-09-09,110581.42228342971,111511.38240914291,109989.6260236106,111004.1328125,3317981
2024-09-10,110750.51464183725,110750.51464183725,109566.91445576512,109905.0859375,4824366
2024-09-11,109905.0787480798,111004.13219402182,109735.99301827306,110412.3359375,4128959
2024-09-12,110750.51655874494,112018.64824379404,110750.51655874494,111849.5625,5023199
2024-09-13,111765.02399200229,112779.53086430095,111595.93824735182,112441.359375,4526054
2024-09-16,111426.85098792949,112441.35784643661,110835.0546875,110835.0546875,2640054
2024-09-17,110919.58756805377,112356.8125,110919.58756805377,112356.8125,4164609
2024-09-18,112779.53217838056,114301.29630236185,112356.82160963115,113794.0390625,6267039
2024-09-19,114132.2033265893,114808.5386746283,113540.40704870374,114301.2890625,5927444
2024-09-20,115231.25680449694,115823.0530823429,114132.20331895282,114385.828125,4277654
2024-09-23,114893.08433367124,114893.08433367124,112779.52404671258,113286.78125,4004529
2024-09-24,113286.7816477449,113878.57792252279,113033.14924740883,113709.4921875,3168842
2024-09-25,113540.41443054259,113963.125,112948.61811418134,113963.125,5381884
2024-09-26,114132.19467050217,114132.19467050217,113202.22699132642,113540.3984375,3542689
2024-09-27,113540.40604000613,113624.94510940852,112864.06310237198,113455.859375,4085719
2024-09-30,113455.85978716394,113709.4921875,112441.35297263094,113709.4921875,3770274
2024-10-01,113878.57911236706,115146.71074488228,113878.57911236706,114893.0859375,7920049
2024-10-02,113794.03205516611,114893.08554271927,113794.03205516611,114470.375,2724579
2024-10-03,114470.37379540026,115062.17006810039,113286.78125,113286.78125,4176570
2024-10-04,113540.40604691883,113963.11658516405,112864.0631092435,113371.3203125,1688659
2024-10-07,113455.85938190756,114047.66325017532,112948.60977425479,113371.3203125,2186725
2024-10-08,113371.32011588654,114216.7411909108,112948.60957837441,113117.6953125,2424890
2024-10-09,113540.40724865532,114808.53887681314,113540.40724865532,114470.375,3242884
2024-10-10,114808.54401809396,120050.17169286846,114808.54401809396,119796.546875,11617529
2024-10-11,120050.1620079678,120726.50492852609,118021.1484375,118021.1484375,4443139
2024-10-14,119289.28612742541,119458.3718662217,115907.59413831121,116330.3046875,6480594
2024-10-15,116330.3043066242,117175.73299783767,115484.8832110146,115823.0546875,3347419
2024-10-16,115315.79688338732,115907.59316641011,114977.62540863034,115231.2578125,3215400
2024-10-17,115400.33654409132,115907.5937588194,114554.91544848173,115823.0546875,4334579
2024-10-18,116161.2185683815,116499.39004486689,115484.8832110146,115823.0546875,2494811
2024-10-21,115823.05328617526,116414.8495650627,114554.9140625,114554.9140625,3290494
2024-10-22,114723.99777813914,114723.99777813914,112441.3517730887,112525.8984375,7100674
2024-10-23,112356.8134947501,113963.1165782256,112103.18869093915,113455.859375,3467365
2024-10-24,113455.851778155,113540.3984375,113117.68792758463,113540.3984375,2618780
2024-10-25,113540.40605384186,113794.0308576837,112948.60978114173,113286.78125,2114849
2024-10-28,113371.32112000731,114132.2031325097,112948.61057875126,114047.6640625,1731900
2024-10-29,114470.375,114554.91407030233,113963.11779137459,114470.375,3046579
2024-10-30,114470.37539332826,114893.0859375,114301.28965653881,114893.0859375,2368769
2024-10-31,114893.0859375,114977.62500809281,114385.82872713162,114893.0859375,1542954
2024-11-01,114132.21055574123,114132.21055574123,112948.61792500118,113794.0390625,3067624
2024-11-04,113794.02962274374,113794.02962274374,112187.72655650474,112272.265625,4321584
2024-11-05,112441.35136962082,113286.78003268201,111849.55510327982,112103.1875,3152264
2024-11-06,112525.90735625177,113794.0390625,112441.36068513933,113794.0390625,2071724
2024-11-07,114385.82792310095,116330.30248910608,113455.86017509767,114216.7421875,5205474
2024-11-08,115062.17146502482,115653.96774490972,114216.74278261511,114808.5390625,2422244
2024-11-11,115400.33750129714,117936.61600037123,114977.62694998611,116922.1015625,6085799
2024-11-12,117175.73279595855,117429.35760508369,114893.08672702072,115653.96875,3409404
2024-11-13,115569.42285783615,116753.01543582507,115062.173236186,116499.390625,4169209
2024-11-14,116583.9436232305,118274.7859146878,114977.6328125,114977.6328125,5647996
2024-11-15,114385.82691820475,114723.99838643575,112103.18849665484,113202.234375,7548139
2024-11-18,113286.78125,113794.0308576837,112018.64203958331,113286.78125,4592410
2024-11-19,112864.06741367032,112948.61408190604,109820.54686486829,109905.0859375,10525719
2024-11-20,109905.0803704708,111934.1015625,107115.18477648469,111934.1015625,11063344
2024-11-21,111934.10973665277,112441.359375,110750.51711970364,112441.359375,4978351
2024-11-22,112356.81330002622,113624.94491248688,112018.64183179523,113202.234375,6412284
2024-11-25,113286.78103985959,113286.78103985959,112610.43810339761,113202.234375,7633354
2024-11-26,112779.52503490748,114893.08534038556,112694.98596475403,114301.2890625,5176264
2024-11-27,114301.28456037065,118105.68688389934,114301.28456037065,117429.3515625,15313744
2024-11-28,117852.0703125,118359.32753565264,116922.10253452216,117852.0703125,8232504
2024-11-29,117852.06668149936,122924.6083743257,117513.8952098166,121994.640625,15510854
2024-12-02,122974.6905689137,124423.46154312248,120673.71443588092,121185.0390625,9131609
2024-12-03,120758.93374581587,124338.23679098175,120758.93374581587,123571.2421875,8017454
2024-12-04,123571.23320429114,124679.11591914183,121696.36359833955,122292.9140625,8911235
2024-12-05,122719.02705476584,126554.0,122378.13886927317,126554.0,10125865
2024-12-06,129451.52470719557,129451.52470719557,126127.88408897282,127406.2109375,5753679
2024-12-09,127150.54921976337,127406.21152800445,124508.67729365347,125275.671875,6783855
2024-12-10,125360.89716780442,127406.2109375,125275.67129437022,127406.2109375,4930286
2024-12-11,127832.32327041337,129281.0942764562,127576.66095148612,128258.4296875,10656597
2024-12-12,129451.5210537615,129451.5210537615,127150.54504194889,128002.7578125,6500612
2024-12-13,127406.2109375,128599.31191259295,127320.99272068904,127406.2109375,5594525
2024-12-16,127491.43159392822,128343.65206146179,127406.21337548658,127747.1015625,6521547
2024-12-17,127917.54191365051,128258.42243406773,125872.22050803129,126127.8828125,8470330
2024-12-18,126127.88715383412,127661.8763466928,126127.88715383412,126724.4453125,4070355
2024-12-19,125531.33301719236,126980.10394922199,125446.114800778,126213.109375,6698121
2024-12-20,126553.99814289738,128343.64960553682,126383.55405265221,127406.2109375,5446171
2024-12-23,127406.21268942831,127747.10087460613,126724.44397569606,127661.875,4957549
2024-12-24,127832.31495086684,128514.09129913314,127320.99034629023,128173.203125,4643588
2024-12-25,128343.64965968291,128854.98193063415,128173.20556936583,128514.09375,5368318
2024-12-26,128684.53189891006,129025.42008408786,127065.32450425052,127661.875,3384797
2024-12-27,127406.21147033265,127747.09965224864,126724.44276312394,127491.4296875,5303460
2024-12-30,127320.99863255887,128514.09966305085,126554.00401915352,128258.4296875,3674715
2024-12-31,128428.86262487379,131155.96030180855,128087.97445817907,129962.859375,5523681
2025-01-02,129962.86389562502,130133.30032827788,127917.54248093526,129536.7421875,7119420
2025-01-03,128940.19706942013,128940.19706942013,126980.1015625,126980.1015625,7413019
2025-01-06,127065.32933842657,128002.76805501855,126468.77881998144,127235.7734375,3987169
2025-01-07,127406.2145896071,128940.2037891623,127406.2145896071,127917.546875,4661299
2025-01-08,127832.31797692651,127832.31797692651,126213.11059639866,126383.5546875,4461887
2025-01-09,126383.54986681139,127150.54441920007,126127.87991159983,126809.65625,2259060
2025-01-10,126809.66280981617,127065.32512163006,125446.11771910317,125531.3359375,3148358
2025-01-13,124508.67318770368,126553.99455605319,123315.57224642606,125787.0,5930212
2025-01-14,125787.00052920874,126127.8810448486,123656.4609375,123656.4609375,4950178
2025-01-15,124423.45795794576,124849.56435339151,123400.8010775513,123997.3515625,3968423
2025-01-16,124593.9001978525,125275.66888912022,123741.67976298898,124849.5625,4435208
2025-01-17,124934.7801841442,127917.54020855378,124423.45558202255,126980.1015625,4485004
2025-01-20,126980.10749804613,128173.20850093092,126298.33112118428,127832.3203125,2642367
2025-01-21,128258.42618639674,129025.42077886524,126980.10697003148,127747.1015625,3997171
2025-01-22,127491.43037574927,128343.65083513988,127150.54984861636,127576.65625,4676591
2025-01-23,127917.5483378123,132945.61474686902,127832.32246096047,131496.84375,9727965
2025-01-24,131326.40974164006,131667.2979421133,130729.8515625,130729.8515625,4543311
2025-02-03,126127.88353972879,127150.54807674648,123826.90747299705,123997.3515625,14792679
2025-02-04,124423.46215474798,125275.67497438463,123826.91164967763,124593.90625,8338304
2025-02-05,125190.45728793251,125701.78191924152,124253.018588368,124679.125,6145714
2025-02-06,125275.66888912022,125531.33119126772,124082.56793693439,124849.5625,4283290
2025-02-07,124849.56787612435,125020.0119704365,124253.01737434347,124508.6796875,5020784
2025-02-10,123997.35388728965,123997.35388728965,121014.59375,121014.59375,8912039
2025-02-11,121185.04253693306,123912.1328125,119395.3909792092,123912.1328125,8465609
2025-02-12,124082.57447536234,124167.79269502765,122974.69167997234,123571.2421875,2340767
2025-02-13,123571.23863001354,123571.23863001354,121611.14306790558,121952.03125,3735314
2025-02-14,122719.02107333714,123571.23383890788,122378.13290445964,123486.015625,3739464
2025-02-17,123571.2416347181,123571.2416347181,122207.69652980835,122378.140625,3238744
2025-02-18,122548.5788156987,123059.91107663723,121952.02833958194,122633.8046875,1913714
2025-02-19,122633.81302902526,123486.02586526706,121952.03663473293,122719.03125,3990271
2025-02-20,122889.46938518902,123230.35756579312,121866.8125,121866.8125,3893209
2025-02-21,121696.37012079422,121781.58833883182,120588.4873465653,121014.59375,6132489
2025-02-24,121014.59263603693,121014.59263603693,118884.06063847539,119736.2734375,8645586
2025-02-25,119651.04628099404,119651.04628099404,117776.17661191335,118457.9453125,8434559
2025-02-26,118543.17250376269,120844.15625,118372.72841256474,120844.15625,4569524
2025-02-27,121014.59738907233,121185.04148689637,119906.72223815147,120418.046875,4509954
2025-02-28,119395.3918369746,120247.6046829779,118457.95311239675,119565.8359375,7984679
2025-03-03,119736.2734375,120503.26801927148,119565.82934637042,119736.2734375,3373984
2025-03-04,118884.0576736144,119821.48866651348,118713.61358673553,119310.1640625,4628284
2025-03-05,119310.16645301091,119395.38466984623,118543.171875,118543.171875,3278764
2025-03-06,118884.05948296904,122292.91830255803,118884.05948296904,120673.7109375,7487879
2025-03-07,120758.92792830299,121611.14071039505,120247.59566507388,120503.265625,3951399
2025-03-10,120588.48688678892,120588.48688678892,118628.391313164,118713.6171875,6534069
2025-03-11,117605.73139084395,118031.83778168792,116753.51860915603,117179.625,7089059
2025-03-12,117350.06723309403,118202.28000131382,115816.078125,115816.078125,7319749
2025-03-13,115986.52572635136,117605.73309770794,115986.52572635136,116327.40625,4266729
2025-03-14,115560.41997459461,116156.97046508983,111469.78475836026,111981.109375,18688649
2025-03-17,112151.55287742107,112577.65927459205,110447.11963211391,110788.0078125,8766449
2025-03-18,110873.23368590814,112662.88514800019,110788.0078125,110788.0078125,6472774
2025-03-19,110873.23250730142,111299.3388999428,105248.60821721508,106186.046875,22154059
2025-03-20,106186.04916002536,108060.91885931749,106100.82328568921,106526.9296875,10014889
2025-03-21,106526.92452479393,109935.79088732005,106526.92452479393,109083.578125,7388519
2025-03-24,109509.6826884129,110191.4513556277,108487.01820265644,109935.7890625,5853729
2025-03-25,110617.5662226962,110702.79209803078,107805.2578125,107805.2578125,6473579
2025-03-26,107805.25235319404,107805.25235319404,104566.83004356691,104822.5,13132079
2025-03-27,103970.28314651868,107805.25605859749,103203.29622072622,107549.59375,8308059
2025-03-28,107464.37026318297,107720.040234083,105674.71875,105674.71875,3481049
2025-03-31,105163.3917504699,105163.3917504699,103118.0703125,103118.0703125,6347196
2025-04-01,103970.28800940009,104140.73210864482,101243.20539135518,102691.96875,9550436
2025-04-02,103288.5125539684,104225.95121055712,102947.624377641,103970.28125,4508229
2025-04-03,97749.11769109812,100220.53791760995,96726.453125,96726.453125,13311134
2025-04-04,89993.95073650658,97067.33832262737,89993.95073650658,96300.34375,25126924
2025-04-08,90334.83831755728,92039.27154064272,89567.84375,89567.84375,19078154
2025-04-09,83346.6701311798,92039.27279657006,83346.6701311798,89738.2890625,21147694
2025-04-10,95959.4609375,95959.4609375,95959.4609375,95959.4609375,2346229
2025-04-11,99709.21204331085,100987.53125,97408.22828332237,100987.53125,22150724
2025-04-14,102265.8581133125,102265.8581133125,97152.5659733092,100987.53125,10797694
2025-04-15,98942.21806244175,99709.21265380066,96896.89659994355,98856.9921875,9026809
2025-04-16,97578.67122535406,98771.77220018322,91954.046875,91954.046875,21726029
2025-04-17,89482.62043566855,94851.57444602711,89397.39456822765,93232.3671875,13957779
2025-04-18,94169.80353164411,98004.77637077132,94169.80353164411,95107.2421875,9697374
2025-04-21,95448.13105558773,95874.23745044167,93743.69781954875,95192.46875,5016644
2025-04-22,94595.9182049694,94766.35463750268,88630.40571098583,94084.5859375,11778644
2025-04-23,95192.46868870546,95192.46868870546,91783.60221882249,94084.5859375,8367169
2025-04-24,95022.02640980273,96896.89611299541,94255.0318222983,95448.1328125,9498884
2025-04-25,95448.12745931148,95789.015625,93914.13837033608,95789.015625,7721214
2025-04-28,95448.13343398209,95789.02162100884,93061.93143804163,93317.59375,4744899
2025-04-29,93402.81126575907,94169.79813299082,92976.69724180002,93232.3671875,7141384
2025-05-05,93317.59617492944,93488.04027287193,91101.83821492418,92550.6015625,8785524
2025-05-06,92550.60036426492,94595.92185647089,92550.60036426492,93488.0390625,7756871
2025-05-07,93402.82084294385,94766.35829558317,92806.26267955685,93488.0390625,5050301
2025-05-08,94084.58596455125,97663.8888679966,92891.48499673614,97408.2265625,15656099
2025-05-09,97408.22887972395,99197.88037402026,96726.4525066834,98856.9921875,10149323
2025-05-12,99709.21083643705,101157.97411780703,99453.54087289516,100817.0859375,10533996
2025-05-13,102265.8563950704,102521.51870078799,101072.755426224,101839.75,11830797
2025-05-14,102265.85805314247,107634.8125,102265.85805314247,107634.8125,15266284
2025-05-15,107805.25654955569,108146.14473365365,105333.82869978045,106526.9296875,10061767
2025-05-16,106100.82276722351,106271.2668584396,103032.8520952036,103118.0703125,9245113
2025-05-19,101243.19945525375,102691.96272895453,99368.32213011324,100731.8671875,12657486
2025-05-20,99538.76440452266,101669.30399638334,99538.76440452266,101584.078125,11224421
2025-05-21,102265.85687549322,102265.85687549322,99709.21083643705,100817.0859375,10316701
2025-05-22,99794.43576160482,100220.5421873208,98516.11648445691,99538.7734375,10036641
2025-05-23,99453.54150502628,100390.98017851738,98856.99101400892,99794.4296875,7622512
2025-05-26,99453.54272004252,100390.98140498622,98004.77941176471,99964.875,5434440
2025-05-27,100050.08779646292,101754.52098066501,100050.08779646292,101413.6328125,6633821
2025-05-28,101584.08120864694,101754.52529996449,100135.31791738265,100902.3125,5731257
2025-05-29,101413.63706931524,101413.63706931524,99794.4296875,99794.4296875,3386905
2025-05-30,100561.42071667539,100731.86480189006,99283.1015625,99283.1015625,4659574
2025-06-02,99283.10693888913,99794.43156559939,98516.11234220031,98942.21875,5275590
2025-06-03,99453.54324852464,100561.42603267464,99112.66271669831,100050.09375,6193132
2025-06-04,100561.42426975424,100731.8683609911,99283.10507041271,99794.4296875,8478216
2025-06-05,99794.43576160482,99964.87986321596,99283.11111339516,99538.7734375,5928478
2025-06-06,99538.77046202148,99538.77046202148,98004.78125,98004.78125,6567808
2025-06-09,98430.88699455641,99623.98800544358,98004.78058447149,99027.4375,5157222
2025-06-10,99709.21088320586,100050.09140704952,98601.328125,98601.328125,4448154
2025-06-11,98942.21400518544,100731.86542609474,98942.21400518544,100476.203125,7551413
2025-06-12,101207.7127494209,101293.7781019353,100261.04799605212,100691.3515625,4870751
2025-06-13,99830.74403738516,100261.05536751205,98884.07921441505,99314.3828125,7106645
2025-06-16,99056.19152238715,103101.06223459583,98970.13389814603,102412.5703125,9955806
2025-06-17,102412.56837021804,102670.75670212822,101724.0841932212,102240.453125,6830028
2025-06-18,102240.45058734546,102842.87712678076,100174.98264353772,100691.3515625,8806909
2025-06-19,100691.35709976446,100777.41472497,99572.56157984157,99830.7421875,7751533
2025-06-20,99916.8046875,100605.2888655817,99658.616355183,99916.8046875,6447489
2025-06-23,99400.43373941845,100088.92563558155,98539.82660125602,99744.6796875,6843685
2025-06-24,100088.93170302504,100691.35828266645,100088.93170302504,100261.0546875,14906069
2025-06-25,100691.35643786016,102756.81674963376,100691.35643786016,100777.4140625,8463960
2025-06-26,101551.95869539576,101810.13928885621,100347.10561652515,100691.3515625,4867700
2025-06-27,100691.35845137591,101810.14625427485,100605.2930929733,100949.5390625,6868950
2025-06-30,101465.90533320433,102842.88144285076,101207.71699686695,101724.0859375,9263626
2025-07-01,102412.56837021804,102842.87967938781,101724.0841932212,102240.453125,14549235
2025-07-02,101982.26277205502,102154.38574590356,101207.71325575726,102068.328125,5347792
2025-07-03,101982.26451344829,103101.05999654708,101379.83796071238,101551.9609375,8345758
2025-07-04,101982.266789018,106199.26048430637,101896.20916472473,105424.7109375,15619598
2025-07-07,106113.19640925441,107318.0495561588,105855.0158012154,106543.5,8584754
2025-07-08,106801.68365672379,108178.65972595305,106715.61830312363,107145.921875,9298471
2025-07-09,107404.11268429927,107490.17030784549,105252.5870431856,105682.890625,14361866
2025-07-10,106543.4971449321,107834.4156146177,106285.31654381163,106629.5625,6229950
2025-07-11,107576.22703543714,110158.0639689039,107231.98881207762,108953.203125,12676173
2025-07-14,109469.5732487655,110071.99981124906,107576.22820550771,109383.515625,8923096
2025-07-15,108953.20495975553,109985.94284335001,108436.84375,108436.84375,6550566
2025-07-16,109039.26939579275,109297.44999849149,107662.2932946634,108695.0234375,5838606
2025-07-17,109039.27251491587,111104.73285967261,108436.84593669166,109297.453125,10387301
2025-07-18,110158.06582394909,110158.06582394909,108436.84375,108436.84375,8065531
2025-07-21,111242.42744220309,111242.42744220309,109164.0546875,109164.0546875,8815279
2025-07-22,109164.05328668599,111044.48575490633,107580.53120818465,110945.515625,7127237
2025-07-23,111143.46004304562,111638.31071109124,110153.75870695438,110648.609375,4825624
2025-07-24,110846.55153015302,110945.5216654478,109658.90990661566,109955.8203125,6635334
2025-07-25,109955.81803297199,110351.69856594398,109361.99723351399,109559.9375,5160642
2025-07-28,109658.9071484726,110450.66821091644,109361.99675005615,110153.7578125,7635424
2025-07-29,110153.7609375,110450.67134433961,104908.34375,104908.34375,16863140
2025-07-30,105898.04370876531,106887.74505183789,104215.55142554194,105007.3125,7517104
2025-07-31,105007.31027644231,105799.07133413461,102730.99723557693,102928.9375,9029001
2025-08-01,102632.02477365654,106293.91958235981,100454.68191442757,105898.0390625,12009590
2025-08-04,105403.19392735694,105502.1640625,103720.70162992495,105502.1640625,5568013
2025-08-05,105898.04000767958,107580.53223210067,103918.63739071361,104710.3984375,12294870
2025-08-06,104908.3433627264,105106.2836332221,103423.79133400858,103819.671875,12760440
2025-08-07,104512.4604519774,106293.9228460452,103819.66952095104,105106.28125,11242080
2025-08-08,105403.19213867188,106293.92333984375,103720.69986979167,104512.4609375,9944007
2025-08-11,104809.36809797933,108372.2927925282,104215.5473155545,105304.21875,10309900
2025-08-12,106293.92049418604,107085.68154069767,105502.1594476744,106392.890625,11035850
2025-08-13,106491.86269029496,106689.80295551855,103819.66910977641,104017.609375,22277030
2025-08-14,104710.40269749518,104710.40269749518,102632.02986512524,102731.0,17641670
2025-08-15,102731.00203402367,103720.70340236685,100256.74861316568,100355.71875,18727080
2025-08-18,100355.71557835821,101939.2377176617,98970.13370646766,99464.984375,11450410
2025-08-19,99563.9572843968,100454.68851258724,98970.13646560318,99267.046875,9195795
2025-08-20,99069.1035136259,99267.04378038639,96495.88004573951,96693.8203125,20040970
2025-08-21,96693.81969026547,101840.26659292035,96693.81969026547,100652.625,13115940
2025-08-22,100553.65309343435,100553.65309343435,97782.48942550505,97980.4296875,7246765
2025-08-25,100949.53646887651,100949.53646887651,97782.4921875,97782.4921875,7814632
2025-08-26,97782.49121875,98970.1328125,96891.7600234375,98970.1328125,5833193
2025-08-27,100355.71580357142,104017.61075892857,100157.77553571427,103918.640625,19764750
2025-08-28,104017.60986094498,104017.60986094498,101741.29680023923,103423.7890625,7522751
2025-08-29,103918.64080954724,103918.64080954724,100553.65625,100553.65625,11882660
2025-09-03,100949.53806322675,102236.1498228561,98970.13535610466,102137.1796875,12062870
2025-09-04,102236.14834821428,104413.49129464285,102137.17821428571,103918.640625,15676230
2025-09-05,104116.57957567698,104413.48997370648,102335.1171875,102335.1171875,10707290
2025-09-08,101939.23393032384,102829.96510058882,100850.5625,100850.5625,14253670
2025-09-09,100949.53767752204,101939.23902730166,99959.83632774242,101048.5078125,7843341
2025-09-10,101048.50462419713,101840.26567903903,100058.80330564476,100157.7734375,8343955
2025-09-11,100157.77797181372,101840.27028952206,99464.98701746322,100949.5390625,7433193
2025-09-12,100949.53678641732,101840.2679933563,100058.80557947834,100553.65625,8913375
2025-09-15,100850.5625,102434.08458047106,100454.68197988224,100850.5625,14188010
2025-09-16,101642.32488677537,103720.69764492754,100949.53396739131,102434.0859375,18031870
2025-09-17,102928.94016587677,106689.80528732228,102928.94016587677,104413.4921875,21564690
2025-09-18,104908.33828883496,105205.24868021844,101939.234375,101939.234375,11795170
2025-09-19,102730.99541868933,102730.99541868933,99464.98111347087,101939.234375,24203740
2025-09-22,101444.39039775576,101642.33067170261,98574.25642552659,98673.2265625,17157560
2025-09-23,98970.12914540817,98970.12914540817,96495.87591677296,96990.7265625,20483520
2025-09-24,97089.69940326634,98475.28125,96396.9084798995,98475.28125,7748532
2025-09-25,98475.27849968112,98475.27849968112,96891.75643335459,96990.7265625,9840162
2025-09-26,97188.67376602565,98277.34526442309,96396.91267628205,96495.8828125,9115898
2025-09-29,96792.78961060209,96792.78961060209,94516.4765625,94516.4765625,11578690
2025-09-30,94516.47996471774,94813.39037298388,91844.28629032259,92042.2265625,13961910
2025-10-01,92240.16130219486,93526.77299417826,90458.69895944861,92438.1015625,7440061
2025-10-02,91943.25324884636,92438.10391218784,91052.5220548317,91151.4921875,10349910
2025-10-03,91250.46000066916,93031.92234341541,91151.4898705166,92438.1015625,7702876
2025-10-06,93328.83497218587,94912.35709260471,92537.07391197645,94516.4765625,11215240
2025-10-07,95011.3272251309,95308.23762270942,94219.56616492147,94516.4765625,7361461
2025-10-08,94516.47474371693,95902.05657242064,93526.7734375,93526.7734375,6317890
2025-10-09,94021.62826764863,94021.62826764863,92537.07624236996,93229.8671875,7145051
2025-10-10,93229.86436654527,95506.17740309573,92833.98383844952,95110.296875,8616495
2025-10-13,93922.6530418883,93922.6530418883,92735.01148603724,93031.921875,11192940
2025-10-14,93130.89857278139,93526.77911931818,91448.40625,91448.40625,12967740
2025-10-15,91646.34627859933,92141.19696044922,88578.27205113003,88677.2421875,18824890
2025-10-16,88875.1796875,90557.671953299,88677.23942093541,88875.1796875,8048952
2025-10-17,89172.09016742338,90557.67203461974,87192.6875,87192.6875,8778276
2025-10-20,87390.62735272988,90854.58200431034,86104.015625,86104.015625,14708210
2025-10-21,88083.42111895162,92042.2265625,87588.57043850808,92042.2265625,21702030
2025-10-22,94219.56881443299,97980.43395618557,94021.62854381444,96001.03125,19354130
2025-10-23,96198.96789473685,96297.9380263158,93031.92368421053,94021.625,8997801
2025-10-24,94021.62671123337,96693.8203125,93724.71631109263,96693.8203125,15297910
2025-10-27,97980.42785395408,98673.21875797193,95308.23436702805,96990.7265625,12946370
2025-10-28,97584.55175207926,101147.4765625,97584.55175207926,101147.4765625,27336360
2025-10-29,101345.41592920353,102137.17699115044,100058.80420353981,100652.625,9364715
2025-10-30,101048.50731803798,102434.08920094937,100553.65664556963,101642.328125,9778545
2025-10-31,101543.35701395573,102829.96875,99959.83487728584,102829.96875,17229770
2025-11-03,102730.99901785713,105205.25236607142,102434.08861607143,103918.640625,21030570
2025-11-04,103027.90950962003,103621.73031371007,100652.62629325992,102236.1484375,17700060
2025-11-05,100751.59841117443,100949.53868310207,98574.25541997027,99860.8671875,13302040
2025-11-06,99860.86122286676,100949.53265344312,98376.30927208083,99168.0703125,6801962
2025-11-07,98475.28391862624,100751.59701423267,98475.28391862624,99959.8359375,6042902
2025-11-10,100157.7721543659,100157.7721543659,95209.265625,95209.265625,11901820
2025-11-11,95803.08779916754,96891.75925143079,95110.296875,95110.296875,7317490
2025-11-12,95506.17769942843,99563.953125,95506.17769942843,99563.953125,6679911
2025-11-13,99563.95318819516,99662.92332058898,97683.52067271234,97881.4609375,10241080
2025-11-14,97881.4613515625,99860.8640078125,97188.670421875,98970.1328125,6248754
2025-11-17,99563.95539913366,100751.59701423267,99563.95539913366,99959.8359375,8328005
2025-11-18,99959.834140625,100058.8042734375,97782.49121875,98970.1328125,6682460
2025-11-19,98475.27849968112,98475.27849968112,96990.7265625,96990.7265625,7644901
2025-11-20,97584.5491635101,98673.22060448233,97089.69850852272,97980.4296875,5365921
2025-11-21,96990.72699652778,100157.77114335318,96792.7867373512,99761.890625,7956420
2025-11-24,99662.92096276197,100058.80148297155,98574.24953218563,99168.0703125,6299052
2025-11-25,98673.2265625,99267.04738434052,97980.43560368606,98673.2265625,6454647
2025-11-26,98772.1907354798,99168.0712594697,97881.45955650252,97980.4296875,7628377
2025-11-27,98178.37085427136,98772.19164572864,97089.69940326634,98475.28125,6361150
2025-11-28,98079.40267765192,98376.3130792997,96100.0,96100.0,8133773
2025-12-01,96900.0,97700.0,96100.0,96600.0,5008056
2025-12-02,96800.0,97300.0,95400.0,96600.0,5590644
2025-12-03,97000.0,97000.0,96000.0,96600.0,6571714
2025-12-04,96600.0,98500.0,96600.0,97500.0,8291987
2025-12-05,97500.0,97500.0,96100.0,96200.0,6110389
2025-12-08,96600.0,97300.0,95500.0,95500.0,5628106
2025-12-09,95500.0,97000.0,94400.0,96900.0,11094280
2025-12-10,97100.0,97100.0,95600.0,95600.0,4012603
2025-12-11,95900.0,96600.0,95600.0,96000.0,5846098
2025-12-12,96000.0,96000.0,93500.0,93700.0,5646570
2025-12-15,93900.0,94400.0,93500.0,93800.0,3544964
2025-12-16,93900.0,95400.0,92000.0,94900.0,6319127
2025-12-17,94400.0,96300.0,94400.0,95900.0,5626508
2025-12-18,95500.0,95600.0,93900.0,94400.0,4132572
2025-12-19,94000.0,95000.0,93600.0,93900.0,5306691
2025-12-22,94100.0,94300.0,93500.0,93700.0,6953556
2025-12-23,94000.0,95900.0,93600.0,94000.0,7662562
2025-12-24,94100.0,94200.0,93100.0,93600.0,3972048
2025-12-25,93600.0,94800.0,93000.0,93000.0,4897186
2025-12-26,92700.0,93000.0,91000.0,92500.0,7754428
2025-12-29,92500.0,94900.0,92500.0,94300.0,6376449
2025-12-30,94500.0,96600.0,94300.0,96500.0,7567196
2025-12-31,96800.0,97000.0,95200.0,95800.0,3098712
2026-01-05,95700.0,95700.0,93200.0,95000.0,7152389
2026-01-06,94700.0,94800.0,93600.0,94000.0,5592470
2026-01-07,94100.0,97600.0,94000.0,97500.0,11985400
2026-01-08,98100.0,98100.0,96500.0,96500.0,6006232
2026-01-09,96100.0,99900.0,96000.0,97400.0,10324520
2026-01-12,98000.0,99500.0,98000.0,99500.0,9107222
2026-01-13,99700.0,101700.0,97900.0,98900.0,9446492
2026-01-14,99000.0,101100.0,97800.0,99800.0,14358510
2026-01-15,99800.0,101700.0,98400.0,98500.0,9675790
2026-01-16,99500.0,105300.0,99500.0,105300.0,24007990
2026-01-19,108700.0,108700.0,105500.0,105800.0,15113060
2026-01-20,106100.0,107000.0,104000.0,104100.0,13632800
2026-01-21,103200.0,106500.0,101100.0,105000.0,16492530
2026-01-22,105500.0,105800.0,103500.0,103500.0,8120103
2026-01-23,103600.0,104600.0,101000.0,101000.0,9641869
2026-01-26,100200.0,101600.0,98000.0,98500.0,12330390
2026-01-27,99600.0,102500.0,99100.0,102100.0,11388930
2026-01-28,102400.0,105800.0,102300.0,104500.0,14111840
2026-01-29,105000.0,107200.0,103700.0,106100.0,14490920
2026-01-30,106400.0,106400.0,103900.0,104500.0,12153250
2026-02-02,103300.0,104300.0,101600.0,104300.0,11092230
2026-02-03,104900.0,105400.0,102900.0,103900.0,9561140
2026-02-04,103100.0,103500.0,101500.0,101900.0,15667370
2026-02-05,101200.0,101900.0,99000.0,99000.0,18118560
2026-02-06,98000.0,100000.0,96700.0,97600.0,10796110
2026-02-09,98800.0,99400.0,97900.0,99000.0,6524446
2026-02-10,99900.0,99900.0,97300.0,97800.0,7300120
2026-02-11,98200.0,99500.0,97400.0,98600.0,6467584
2026-02-12,99000.0,99200.0,98400.0,98800.0,5378638
2026-02-13,98100.0,98500.0,96300.0,96300.0,18824790
2026-02-23,96800.0,96800.0,93100.0,94500.0,22701430
2026-02-24,94000.0,94000.0,92500.0,92500.0,29778830
2026-02-25,92200.0,92500.0,89000.0,89100.0,48222350
2026-02-26,90000.0,92200.0,89900.0,90500.0,18204650
2026-02-27,91000.0,93500.0,90300.0,92900.0,19558230
2026-03-02,90100.0,91500.0,89300.0,89600.0,18491010
2026-03-03,90100.0,90900.0,87000.0,87000.0,18180630
2026-03-04,86900.0,87000.0,84200.0,85100.0,26537070
2026-03-05,86500.0,86800.0,84400.0,84400.0,17324920
2026-03-06,84400.0,84600.0,81500.0,81600.0,26032420
2026-03-09,76000.0,76700.0,75900.0,75900.0,18650970
2026-03-10,76400.0,79600.0,76400.0,79500.0,22966040
2026-03-11,80000.0,81000.0,78300.0,80200.0,16440690
2026-03-12,78800.0,79200.0,77500.0,77700.0,12963150
2026-03-13,77100.0,78500.0,76300.0,77000.0,10653110
2026-03-16,77100.0,79300.0,77100.0,78200.0,9341615
2026-03-17,79400.0,81300.0,79100.0,79400.0,11106410
2026-03-18,80000.0,80200.0,78100.0,78600.0,7413932
2026-03-19,77700.0,77800.0,76600.0,76800.0,11647250
2026-03-20,76500.0,76500.0,73600.0,74600.0,23144380
2026-03-23,73700.0,76100.0,71600.0,73100.0,13134310
2026-03-24,75500.0,75900.0,74100.0,75400.0,6405113
2026-03-25,76200.0,77000.0,75600.0,77000.0,8070339
2026-03-26,77000.0,77000.0,74200.0,74200.0,10733690
2026-03-27,74500.0,76300.0,74000.0,76100.0,9394756
2026-03-30,74400.0,75200.0,73500.0,74000.0,8975443
2026-03-31,74900.0,75500.0,74400.0,74700.0,7076062
2026-04-01,75900.0,76300.0,75000.0,75300.0,9410063
2026-04-02,75200.0,75200.0,74200.0,74700.0,6094543
2026-04-03,74700.0,75500.0,73900.0,74000.0,6387168
2026-04-06,74000.0,74500.0,73500.0,73900.0,4641686
2026-04-07,74500.0,74500.0,73800.0,74000.0,5100228
2026-04-08,76000.0,79100.0,75100.0,79100.0,16601460
2026-04-09,79100.0,79200.0,78100.0,78300.0,6525834
2026-04-10,78600.0,79000.0,77300.0,77700.0,6129666
2026-04-13,76900.0,77000.0,75900.0,76000.0,9925620
2026-04-14,77000.0,77200.0,76000.0,76200.0,7139383
2026-04-15,76900.0,77000.0,75000.0,75100.0,11826770
2026-04-16,75600.0,75600.0,74000.0,74100.0,12546610
2026-04-17,75000.0,78000.0,74900.0,76000.0,12728570
2026-04-20,76300.0,77000.0,76100.0,76900.0,6906174
2026-04-21,77000.0,77400.0,75100.0,75100.0,8314892
2026-04-22,75500.0,75500.0,74100.0,74600.0,8290827
2026-04-23,75000.0,76000.0,74100.0,74300.0,8007390
2026-04-24,74000.0,74100.0,73200.0,73400.0,11318020
2026-04-28,73400.0,74400.0,72900.0,74400.0,9871203
2026-04-29,73400.0,75500.0,73400.0,75500.0,10728560
2026-05-04,74900.0,75100.0,73600.0,73700.0,10065980
2026-05-05,73700.0,74500.0,72800.0,74300.0,13115660
2026-05-06,74200.0,74200.0,73000.0,73300.0,11186400
2026-05-07,73900.0,74300.0,73000.0,73000.0,10993620
2026-05-08,73200.0,73300.0,71900.0,71900.0,16211520
