Date,Open,High,Low,Close,Volume
2020-01-02,6140.126421082695,6242.951504689343,6110.74782576651,6228.26220703125,9266237
2020-01-03,6301.708359374999,6316.397656249999,6228.261875,6242.951171875,11305525
2020-01-06,6213.572617560411,6228.26191452864,6154.8154296875,6154.8154296875,8485959
2020-01-07,6169.5048828125,6213.572774832589,6125.43699079241,6169.5048828125,8729589
2020-01-08,6110.747735507247,6169.504925271739,6081.369140625,6081.369140625,13672241
2020-01-09,6154.815254555745,6213.572440756755,6096.058068354736,6184.19384765625,10727403
2020-01-10,6213.573041398949,6360.466021101051,6213.573041398949,6287.01953125,27949573
2020-01-13,6301.708516725352,6345.776408450704,6242.9513277582155,6257.640625,9502447
2020-01-14,6257.640758993459,6360.465841887718,6242.9514614371365,6316.39794921875,14823437
2020-01-15,6316.397793287442,6345.776387674825,6301.70849609375,6301.70849609375,11792381
2020-01-16,6331.087335759943,6507.358908913352,6316.398037997159,6463.291015625,26569321
2020-01-17,6477.980313387784,6536.73750443892,6433.912420099432,6463.291015625,15790686
2020-01-20,6463.291015625,6492.669611150568,6419.223122336648,6463.291015625,14013855
2020-01-21,6492.669371881929,6639.562344096453,6477.980074660477,6624.873046875,17174223
2020-01-22,6624.873067583356,6639.562364850725,6566.1158785138805,6580.80517578125,17911016
2020-01-30,6433.91203125,6492.669218749999,6228.261875,6242.951171875,30108380
2020-01-31,6184.194043673002,6331.087013831506,6110.74755859375,6110.74755859375,26230890
2020-02-03,5919.78675666078,6110.747619778869,5728.82589354269,5978.5439453125,46900890
2020-02-04,6066.679781000666,6331.087132230718,5919.78680809508,6213.57275390625,31210627
2020-02-05,6287.019240359043,6345.776429521277,6184.194159325133,6213.57275390625,26136947
2020-02-06,6213.572824460651,6463.290881235665,6140.126337173881,6404.53369140625,42819296
2020-02-07,6389.844617041472,6404.533915011682,6287.01953125,6287.01953125,26182470
2020-02-10,6198.883477492559,6257.640666852678,6154.81558547247,6169.5048828125,22874085
2020-02-11,6198.883611715065,6257.640802347435,6184.194314056972,6228.26220703125,14737839
2020-02-12,6301.70814651595,6433.911813925375,6257.640257379475,6360.46533203125,36036393
2020-02-13,6331.087425160631,6389.844617041472,6272.330233279789,6287.01953125,21405024
2020-02-14,6345.776346982759,6433.912129579741,6331.087049883262,6389.84423828125,29541866
2020-02-17,6463.290859908884,6522.04804954442,6404.533670273348,6448.6015625,31769914
2020-02-18,6477.980020878233,6492.66931797773,6375.154941181753,6389.84423828125,22003342
2020-02-19,6389.844258626303,6404.533555772569,6316.397772894966,6345.7763671875,15151654
2020-02-20,6404.533221167725,6433.911813925375,6345.776035652425,6360.46533203125,19853186
2020-02-21,6375.155183612176,6375.155183612176,6213.572909373158,6228.26220703125,30685060
2020-02-24,6081.369228078359,6110.747823383085,5905.09765625,5905.09765625,39476481
2020-02-25,5875.7188063401445,6110.74755859375,5831.650915292594,6110.74755859375,38787528
2020-02-26,5978.543925066692,6140.126193311738,5978.543925066692,6022.61181640625,16858395
2020-02-27,6037.3009003999705,6140.1259765625,6007.922307210676,6140.1259765625,13158940
2020-02-28,6022.611502853095,6096.057984595205,5978.543613807828,5993.23291015625,23252425
2020-03-02,6022.611950860508,6110.747735507247,6007.922653419384,6081.369140625,16248534
2020-03-03,6184.193866346442,6213.572459535736,6110.747383373206,6140.1259765625,21294436
2020-03-04,6110.747891566265,6125.43718938253,6051.990700301205,6096.05859375,16118316
2020-03-05,6140.126172820823,6154.815469884988,6066.6796875,6066.6796875,14674779
2020-03-06,6022.611796307506,6081.368984564165,5993.233202179176,6066.6796875,13764963
2020-03-09,5743.515177303166,5846.340257203734,5655.37939453125,5655.37939453125,43187973
2020-03-10,5552.554006710999,5743.514858793652,5508.486117768848,5626.00048828125,23038202
2020-03-11,5714.136734847184,5728.826032366072,5258.768511761676,5346.904296875,28943555
2020-03-12,5111.875553097345,5170.632743362832,4979.671875,4979.671875,51983323
2020-03-13,4656.507308513797,5258.768506144919,4641.8180110106,5023.73974609375,43034563
2020-03-16,5038.428970661569,5082.496862533245,4818.089511303192,4832.77880859375,14771693
2020-03-17,4700.574943862275,4906.22509765625,4627.128460364427,4906.22509765625,31970120
2020-03-18,4979.671941583807,4979.671941583807,4847.46826171875,4847.46826171875,20845935
2020-03-19,4759.332207152562,4818.089394895186,4700.575019409937,4729.95361328125,17452350
2020-03-20,4744.642594909668,4788.710482788086,4685.8854110717775,4700.57470703125,14727820
2020-03-23,4465.54642932047,4583.06080903943,4377.41064453125,4377.41064453125,46250928
2020-03-24,4406.788923933699,4406.788923933699,4245.206663389464,4348.03173828125,25505875
2020-03-25,4494.924920127795,4597.75,4421.478434504793,4597.75,25091472
2020-03-26,4553.6821921719265,4568.37148956603,4421.478515625,4421.478515625,15938208
2020-03-27,4436.167878451412,4450.857176062179,4259.896307122217,4289.27490234375,18273351
2020-03-30,4113.003145105698,4142.38173899931,3995.48876953125,3995.48876953125,29789463
2020-03-31,4054.2460469038283,4142.381830532173,3863.2851823757496,3980.799560546875,19968903
2020-04-01,3951.420951548794,4201.139004248904,3922.042357113487,4186.44970703125,23000415
2020-04-03,4201.13862221928,4392.099468683792,4186.449326337394,4333.34228515625,17213145
2020-04-06,4465.546626984127,4627.12890625,4450.857328869048,4627.12890625,26005902
2020-04-07,4744.642930177311,4759.332227174765,4612.439257200235,4685.8857421875,40901157
2020-04-08,4553.682262639331,4656.507345989252,4524.303667396497,4612.439453125,19491248
2020-04-09,4700.575059335443,4729.953653456289,4612.439276972903,4641.81787109375,23329280
2020-04-10,4641.818070488343,4685.8859635626,4538.992986648412,4568.37158203125,26800621
2020-04-13,4568.371713789683,4715.264694940476,4553.682415674603,4627.12890625,20897176
2020-04-14,4700.574882075472,4700.574882075472,4553.681917010613,4671.1962890625,22951040
2020-04-15,4700.575305810397,4847.468284116972,4671.196710149083,4803.400390625,33533698
2020-04-16,4774.02177290483,4847.46826171875,4700.575284090909,4847.46826171875,17820473
2020-04-17,4906.225539981618,5038.429222196692,4876.846943933824,4994.361328125,24634369
2020-04-20,4994.360718140015,5038.428606829486,4876.846348301427,4891.53564453125,37877456
2020-04-21,4818.08945686901,4832.778753993611,4597.75,4597.75,36143880
2020-04-22,4480.2355653750965,4744.642910216906,4480.2355653750965,4729.95361328125,20962720
2020-04-23,4818.089553502322,4832.778850921536,4715.264471567822,4744.64306640625,15010541
2020-04-24,4700.574863707165,4744.64275305442,4671.196270808995,4715.26416015625,14071522
2020-04-27,4729.953834096337,4759.332429339172,4612.439453125,4612.439453125,17994666
2020-04-28,4641.81787109375,4685.885762275019,4583.060682852057,4641.81787109375,10400068
2020-04-29,4671.196445190047,4729.953633179859,4656.507148192594,4685.8857421875,10682911
2020-05-04,4685.885919324231,4715.264514429712,4656.50732421875,4656.50732421875,8023069
2020-05-05,4671.196465214596,4685.885762275019,4597.74997991248,4641.81787109375,8928975
2020-05-06,4671.196445190047,4700.575039184953,4612.439257200235,4685.8857421875,12935677
2020-05-07,4685.885856019939,4803.4002348542945,4685.885856019939,4788.7109375,20287070
2020-05-08,4818.089490775602,4994.361057511295,4818.089490775602,4876.8466796875,46504378
2020-05-11,4964.982599167597,4994.361194428943,4847.46821812221,4935.60400390625,48365539
2020-05-12,4935.60378815407,5053.1181640625,4876.846600199855,5053.1181640625,38841513
2020-05-13,5111.875312499999,5185.321796875,4994.3609375,5141.25390625,35891605
2020-05-14,5082.49658203125,5155.943064430546,5023.739396111813,5082.49658203125,24525287
2020-05-15,5111.875553097345,5126.564850663716,4979.671875,4979.671875,26184256
2020-05-18,4979.671698875092,5023.73959001558,4935.603807734605,5009.05029296875,15588134
2020-05-19,5111.87548828125,5141.254083041487,5067.807596140894,5111.87548828125,32864457
2020-05-20,5067.807285551391,5111.875174990968,5038.428692591673,5082.49658203125,13853294
2020-05-21,5097.18632368608,5185.322110262784,5067.807728160511,5170.6328125,28403391
2020-05-22,5141.253609035326,5185.321497112772,5053.117832880434,5067.80712890625,25384402
2020-05-25,5067.807285551391,5126.564471470827,5053.117989071532,5082.49658203125,14780115
2020-05-26,5111.875621448864,5170.6328125,5097.18632368608,5170.6328125,31901105
2020-05-27,5229.3895468298415,5229.3895468298415,5082.49658203125,5082.49658203125,38110022
2020-05-28,5097.185878511109,5141.253767950687,5067.807285551391,5082.49658203125,11186266
2020-05-29,5082.496758039608,5082.496758039608,5038.428867073946,5053.1181640625,14845580
2020-06-01,5067.807535123424,5302.836290375525,5067.807535123424,5244.0791015625,56949496
2020-06-02,5288.146658956006,5376.282436605273,5258.76806640625,5258.76806640625,45686566
2020-06-03,5288.147128202908,5317.525723359591,5258.7685330462255,5302.83642578125,18185212
2020-06-04,5332.214864095053,5376.2827555338545,5288.14697265625,5288.14697265625,31375998
2020-06-05,5273.457362681128,5288.146658956006,5229.389473856494,5258.76806640625,22508348
2020-06-08,5332.214687284185,5376.28257726174,5302.836093965815,5317.525390625,27429964
2020-06-09,5332.214687284185,5346.90398394337,5302.836093965815,5317.525390625,21704983
2020-06-10,5302.836190828713,5537.864941668767,5273.457596973706,5464.41845703125,33481694
2020-06-11,5493.79703125,5537.864921875,5141.25390625,5141.25390625,32051067
2020-06-12,5023.739985393059,5185.322265625,5023.739985393059,5185.322265625,34676667
2020-06-15,5200.011500459559,5214.700798483456,4964.9827320772065,4994.361328125,29345987
2020-06-16,5067.807596140894,5141.254083041487,5038.429001380658,5111.87548828125,20739422
2020-06-17,5111.875174990968,5141.253767950687,5067.807285551391,5082.49658203125,9739571
2020-06-18,5097.185878511109,5111.875174990968,5053.117989071532,5082.49658203125,12083686
2020-06-19,5111.875312499999,5141.25390625,5082.49671875,5141.25390625,10120539
2020-06-22,5155.943203125,5214.700390625,5126.564609375,5141.25390625,8530224
2020-06-23,5141.25390625,5185.321796875,5126.564609375,5141.25390625,28733653
2020-06-24,5170.632656695157,5229.389845975784,5141.254062054843,5155.943359375,18665244
2020-06-25,5111.875332087536,5126.5646290188215,5082.496738224963,5097.18603515625,8810730
2020-06-26,5126.5646290188215,5141.253925950108,5067.807441293678,5097.18603515625,6502194
2020-06-29,5053.118045252225,5082.496638538575,4920.91437546365,4950.29296875,19451179
2020-06-30,4994.361057511295,5023.739651967244,4862.157382459525,4876.8466796875,11056009
2020-07-01,4891.535936344305,4964.982421875,4876.846639238165,4964.982421875,39777182
2020-07-02,4964.982265393175,4979.67156203635,4920.91437546365,4950.29296875,8547396
2020-07-03,4964.982265393175,4979.67156203635,4935.603672106825,4950.29296875,4037551
2020-07-06,4964.9827320772065,5038.429222196692,4950.293434053309,4994.361328125,10963062
2020-07-07,5038.429043596948,5053.118341100147,4994.361151087353,5023.73974609375,18691763
2020-07-08,5009.050117870809,5053.118007470845,5009.050117870809,5038.4287109375,5907489
2020-07-09,5067.807267415831,5141.253749552292,5053.117970988538,5126.564453125,12286494
2020-07-10,5111.875016983696,5111.875016983696,5053.117832880434,5067.80712890625,7489848
2020-07-13,5067.807461051054,5111.875352016716,5038.428867073946,5053.1181640625,8205226
2020-07-14,5038.4287109375,5053.118007470845,4994.360821337464,5038.4287109375,12931199
2020-07-15,5082.49658203125,5111.875174990968,5053.117989071532,5082.49658203125,9564990
2020-07-16,5141.25390625,5141.25390625,5082.49671875,5141.25390625,12306336
2020-07-17,5141.25390625,5155.943203125,5111.875312499999,5141.25390625,15312381
2020-07-20,5141.2539459938225,5155.943242982376,5053.1181640625,5053.1181640625,9939844
2020-07-21,5082.49658203125,5082.49658203125,5038.428692591673,5082.49658203125,13226524
2020-07-22,5111.875193604227,5111.875193604227,5038.4287109375,5038.4287109375,9023914
2020-07-23,5038.428887062409,5053.1181841092375,4979.671698875092,5009.05029296875,13687428
2020-07-24,4994.361239346591,4994.361239346591,4818.089666193182,4847.46826171875,26954939
2020-07-27,4671.196527636401,4729.953716663274,4509.6142578125,4509.6142578125,36314952
2020-07-28,4671.196558665644,4803.4002348542945,4553.6821798312885,4788.7109375,22851847
2020-07-29,4671.196485623003,4671.196485623003,4509.614217252396,4597.75,15908449
2020-07-30,4641.818026666009,4671.196621771491,4612.439431560528,4656.50732421875,9889758
2020-07-31,4612.4396081349205,4671.1968005952385,4553.682415674603,4627.12890625,9180415
2020-08-03,4612.439067322531,4759.33203125,4612.439067322531,4759.33203125,13643881
2020-08-04,4788.711247141769,4847.468440358231,4759.332650533536,4818.08984375,8315970
2020-08-05,4818.089336291541,4862.1572265625,4759.332149263595,4862.1572265625,11539421
2020-08-06,4847.468284116972,4862.15758194763,4803.400390625,4803.400390625,9920168
2020-08-07,4803.4002348542945,4832.778829562883,4788.7109375,4788.7109375,6645745
2020-08-10,4847.468105884309,4862.157403174867,4803.400214012633,4832.77880859375,12017566
2020-08-11,4862.157559481534,4876.846857244318,4818.089666193182,4847.46826171875,14079910
2020-08-12,4847.467892247774,4964.982265393175,4847.467892247774,4950.29296875,21564941
2020-08-13,4979.671875,4994.361172566371,4935.603982300885,4979.671875,8881466
2020-08-14,4964.982228270773,5053.118007470845,4950.292931737427,5038.4287109375,18487376
2020-08-17,5038.429043596948,5053.118341100147,4950.29325857776,5023.73974609375,12546834
2020-08-18,5023.739924172794,5038.429222196692,4964.9827320772065,4994.361328125,8826830
2020-08-19,4994.360995921921,5009.05029296875,4964.9824018282625,5009.05029296875,12680570
2020-08-20,5009.05029296875,5038.428887062409,4979.671698875092,5009.05029296875,13647457
2020-08-21,5009.050099631954,5082.49658203125,4994.360803152095,5082.49658203125,26458650
2020-08-24,5111.875274315309,5244.078945202774,5111.875274315309,5229.3896484375,27137553
2020-08-25,5258.7685330462255,5376.282913672957,5244.079235467884,5302.83642578125,40170867
2020-08-26,5288.146658956006,5332.214547780639,5258.76806640625,5258.76806640625,18967019
2020-08-27,5258.76806640625,5288.146658956006,5214.700177581617,5258.76806640625,11700280
2020-08-28,5288.146658956006,5332.214547780639,5258.76806640625,5258.76806640625,19645433
2020-08-31,5288.146816243036,5346.904003090181,5258.7682228194635,5273.45751953125,12736214
2020-09-01,5302.836093965815,5317.525390625,5258.768203988259,5317.525390625,26191360
2020-09-03,5346.904296875,5390.972189431662,5317.525701837225,5346.904296875,16101600
2020-09-04,5244.079235467884,5317.525723359591,5244.079235467884,5302.83642578125,17493138
2020-09-07,5332.214905819651,5332.214905819651,5200.01123046875,5200.01123046875,24893635
2020-09-08,5229.3896484375,5244.078945202774,5155.943164611131,5229.3896484375,11319770
2020-09-09,5170.632790492958,5229.389981294014,5170.632790492958,5214.70068359375,12082323
2020-09-10,5258.768241968048,5288.1468354985955,5229.3896484375,5229.3896484375,10176769
2020-09-11,5229.3898043592435,5258.768398765756,5185.321912749475,5244.0791015625,13760019
2020-09-14,5288.146952479339,5361.593437930441,5273.457655389118,5332.21484375,14897457
2020-09-15,5332.214687284185,5361.593280602555,5302.836093965815,5317.525390625,18226647
2020-09-16,5302.836093965815,5332.214687284185,5288.14679730663,5317.525390625,8501280
2020-09-17,5302.836093965815,5420.3504672392955,5302.836093965815,5317.525390625,24100843
2020-09-18,5346.9040625,5523.175625,5332.214765625,5508.486328125,38843176
2020-09-21,5581.932773540027,5655.3792574023955,5537.864883222605,5596.6220703125,37778099
2020-09-22,5596.622051239014,5655.379238128662,5581.932754516602,5640.68994140625,32424194
2020-09-23,5670.068534851074,5699.447128295898,5611.311347961426,5640.68994140625,32589639
2020-09-24,5684.758102728396,5772.893887266821,5640.690210459184,5758.20458984375,48490164
2020-09-25,5787.583184689892,5802.272482112962,5684.758102728396,5758.20458984375,21253050
2020-09-28,5802.272265625,5905.09734375,5772.893671875,5875.71875,30946152
2020-09-29,5875.718630725191,5890.407927302004,5772.8935546875,5772.8935546875,27959850
2020-09-30,5772.893380389636,5816.961268789557,5743.514788123021,5802.27197265625,19193735
2020-10-01,5846.340175830447,5875.718769678841,5787.582988133659,5831.65087890625,25908468
2020-10-02,5846.340175830447,5875.718769678841,5772.893691209461,5831.65087890625,42727973
2020-10-05,5912.441745888658,6013.797703490207,5912.441745888658,5980.0126953125,38884637
2020-10-06,6064.476395353634,6064.476395353634,5980.013168425675,6030.69091796875,27927423
2020-10-07,5996.905779753025,6013.798519400875,5946.22802734375,5946.22802734375,26397119
2020-10-08,6047.583339688478,6047.583339688478,5946.22737938046,5963.1201171875,22853955
2020-10-09,5963.120438371326,5980.013177088238,5929.3349609375,5929.3349609375,12141282
2020-10-12,5963.120438371326,5996.905449270899,5895.549483503675,5929.3349609375,15351070
2020-10-13,5946.227861163996,5946.227861163996,5861.764165285257,5912.4423828125,11983616
2020-10-14,5878.656428152296,5996.905126267356,5878.656428152296,5963.1201171875,13924159
2020-10-15,5980.013506639451,5980.013506639451,5929.335287695899,5946.22802734375,22515154
2020-10-16,5996.905440583866,6047.583656661192,5980.013168425675,6030.69091796875,26782438
2020-10-19,6081.36929043128,6199.617997784942,6081.36929043128,6165.83251953125,30655369
2020-10-20,6182.724796309976,6334.758970548119,6165.832058446379,6317.86669921875,36479848
2020-10-21,6385.437174902403,6436.1153884198875,6267.1884765625,6267.1884765625,29695595
2020-10-22,6300.974107238868,6351.65185546875,6216.510415965333,6351.65185546875,20520858
2020-10-23,6419.223139250414,6419.223139250414,6300.974431908711,6368.544921875,19161968
2020-10-26,6351.651689886646,6368.544427700974,6216.51025390625,6216.51025390625,26207043
2020-10-27,6216.510411998795,6216.510411998795,6047.58349609375,6047.58349609375,27881776
2020-10-28,5996.905449270899,6064.476404138549,5912.442222220588,5929.3349609375,22816091
2020-10-29,5912.441891465355,6047.58332710629,5912.441891465355,6013.7978515625,17647152
2020-10-30,6047.58332710629,6064.476064878185,5946.227367009145,6013.7978515625,17701108
2020-11-02,6064.476401914283,6081.369140625,6013.798185782133,6081.369140625,10441689
2020-11-03,6115.1547686849735,6199.617997784942,6081.36929043128,6165.83251953125,11675023
2020-11-04,6284.081044175943,6284.081044175943,6148.939611657644,6233.40283203125,14590359
2020-11-05,6250.295558786376,6267.18829613922,6148.939601203526,6182.724609375,20313816
2020-11-06,6182.725106355049,6216.510583776483,6064.476401914283,6081.369140625,11291145
2020-11-09,6115.1547686849735,6182.725258658096,6098.262029558126,6165.83251953125,14169718
2020-11-10,6216.51075365607,6250.296232000765,6115.15478515625,6115.15478515625,19954117
2020-11-11,6148.940246938666,6199.617997784942,6098.262029558126,6165.83251953125,26451501
2020-11-12,6182.724796309976,6317.86669921875,6165.832058446379,6317.86669921875,35257827
2020-11-13,6351.651701366874,6520.57861328125,6351.651701366874,6520.57861328125,45561292
2020-11-16,6588.149404754371,6621.934879624057,6419.222496940157,6436.115234375,56753260
2020-11-17,6469.901040602906,6605.04248046875,6453.008302302895,6605.04248046875,28126913
2020-11-18,6638.82763671875,6757.07633257861,6571.256686779277,6638.82763671875,31989161
2020-11-19,6672.613129363083,6689.505868073799,6554.364424922317,6588.14990234375,37915897
2020-11-20,6571.256826815831,6588.149564660692,6503.68587543639,6520.57861328125,23155370
2020-11-23,6520.578956244988,6554.3644337117275,6436.11572911239,6486.7939453125,25490475
2020-11-24,6554.3644183813585,6588.149895769076,6486.793930140175,6537.4716796875,24504882
2020-11-25,6621.935541589353,6621.935541589353,6520.579106848146,6571.25732421875,19846656
2020-11-26,6503.686208790166,6588.14990234375,6486.793936613701,6588.14990234375,35201859
2020-11-27,6588.149743652344,6757.07666015625,6554.364267044714,6757.07666015625,49985579
2020-11-30,6892.217933207379,6959.788884786896,6824.647448162091,6875.3251953125,52836857
2020-12-01,6773.969555353609,7044.25244140625,6773.969555353609,7044.25244140625,59650582
2020-12-02,7061.145020924607,7230.071937533015,7044.252282610342,7213.17919921875,54047085
2020-12-03,7280.749822276562,7280.749822276562,7044.251963136832,7094.93017578125,63481236
2020-12-04,7094.930825031477,7145.609042313409,7044.252607749545,7078.0380859375,54909268
2020-12-07,7078.037757842181,7111.823234464044,7027.359542909387,7061.14501953125,23340518
2020-12-08,7061.145020924607,7280.75015247581,7027.359544296078,7213.17919921875,53949151
2020-12-09,7263.857743786674,7348.320972656597,7213.179526544163,7230.072265625,36468083
2020-12-10,7246.964682287475,7280.750158946029,7094.930503858222,7111.8232421875,41862134
2020-12-11,7145.608720083819,7263.857421875,7044.2522900906,7263.857421875,24691922
2020-12-14,7297.642733811048,7398.998694982136,7297.642733811048,7382.10595703125,39658392
2020-12-15,7382.106123666181,7382.106123666181,7230.071945210594,7263.857421875,38980229
2020-12-16,7314.535631815906,7567.925773555331,7263.857416854325,7517.24755859375,56577615
2020-12-17,7466.56982421875,7534.140311093788,7365.213394104831,7466.56982421875,48656286
2020-12-18,7601.710954419064,7804.42333984375,7483.46225731059,7804.42333984375,50910739
2020-12-21,7871.994767721583,8007.135744151745,7787.531074284919,7855.1015625,77760463
2020-12-22,7905.779936486635,8007.135431585623,7770.638032263365,7838.208984375,64776254
2020-12-23,7871.9949397964965,7888.8872123188285,7736.85302734375,7736.85302734375,39701009
2020-12-24,7787.531076270702,7821.316553653984,7466.569974198036,7703.0673828125,46411932
2020-12-25,7703.066913864296,7821.316077506993,7635.496429745549,7804.42333984375,36503320
2020-12-28,7939.564470734105,7939.564470734105,7719.959809681497,7787.53076171875,47135766
2020-12-29,7787.531082880708,7787.531082880708,7719.960128056793,7753.74560546875,32380728
2020-12-30,7736.85302734375,7821.316722626717,7736.85302734375,7736.85302734375,38173052
2020-12-31,7787.530921950639,7804.423660307528,7753.745445236861,7770.63818359375,40340935
2021-01-04,7905.7799571173255,8226.740580882464,7804.4235286853755,8091.599609375,122471962
2021-01-05,8159.169609902626,8497.0234375,8091.599590837924,8497.0234375,96562936
2021-01-06,8615.272167741752,8784.199548673554,8446.345719878418,8547.7021484375,63798465
2021-01-07,8615.273119389212,8767.308245555947,8530.809886127694,8750.4150390625,57331035
2021-01-08,8851.770166246944,9240.30172809201,8784.199216429952,8986.9111328125,73138047
2021-01-11,9122.0533707017,9189.624323024294,8851.770494479788,8902.4482421875,66293640
2021-01-12,8902.44790287214,8953.125648648278,8682.842782728152,8834.876953125,48081101
2021-01-13,8834.876964591915,8986.911135186088,8750.41374383258,8784.19921875,53046564
2021-01-14,8885.556319387666,8919.341796875,8733.522137228916,8919.341796875,59781243
2021-01-15,9088.26857179671,9189.625007833669,8970.019862954528,9037.5908203125,60584123
2021-01-18,9037.590160445288,9071.375636657474,8851.7705078125,8851.7705078125,40549197
2021-01-19,8851.770493780905,8851.770493780905,8243.6337890625,8243.6337890625,67748098
2021-01-20,8243.6337890625,8361.882489083471,7736.852579751517,8243.6337890625,67482828
2021-01-21,8446.346020216764,8716.62890625,8243.634088958963,8716.62890625,43083964
2021-01-22,8682.843093269405,8767.3072500084,8547.702122010252,8649.0576171875,35069034
2021-01-25,8581.487947099406,8716.628923854712,8497.02378692527,8513.9169921875,30895987
2021-01-26,8497.023441353162,8649.0576171875,8024.028642343427,8649.0576171875,57287766
2021-01-27,8378.775073802966,8530.809255665166,8057.814437902101,8108.4921875,64473519
2021-01-28,7601.71092765505,7770.637837158495,7551.03271484375,7551.03271484375,73202244
2021-01-29,7196.286479979419,7939.56463510605,7196.286479979419,7922.67236328125,56268542
2021-02-01,7770.638006036932,7939.564452677417,7415.891441716605,7432.7841796875,45968276
2021-02-02,7635.496581822996,7905.77992328393,7415.891454361155,7888.88671875,43183512
2021-02-03,8007.135426470931,8226.740554159236,7905.779931436686,8192.955078125,57828485
2021-02-04,8209.8489288932,8226.741201705718,8040.921535425338,8125.384765625,31361763
2021-02-05,8176.062198113627,8378.774106163128,8125.383521299956,8361.8818359375,34674806
2021-02-08,8378.774900400313,8513.916807289223,8057.814271141878,8074.70654296875,65790533
2021-02-09,8108.491251074329,8361.8818359375,8040.92030403503,8361.8818359375,47889361
2021-02-17,8497.02376976409,8716.62890625,8446.346020216764,8716.62890625,52233787
2021-02-18,8784.199555388128,8885.555984024686,8649.057650539384,8851.7705078125,66081763
2021-02-19,8750.414407054519,9257.195636157961,8716.628929576389,9071.3759765625,85475686
2021-02-22,9071.375948218096,9172.731447267286,8885.556289203247,9020.697265625,56284096
2021-02-23,9037.59018310443,9290.979855728421,8986.911502124854,9257.1953125,103854512
2021-02-24,9341.658847642568,9392.336597240466,9088.268233516066,9122.0537109375,60064329
2021-02-25,9223.4091796875,9274.086923991399,9071.375013707398,9223.4091796875,54447004
2021-02-26,9054.482131390467,9392.335949226443,9020.696656300026,9341.658203125,68310084
2021-03-01,9476.799817804736,9611.94172739842,9426.122068241357,9578.15625,62401701
2021-03-02,9679.51302511517,9696.405297878578,9459.907880779649,9493.693359375,42230125
2021-03-03,9459.9072265625,9595.049131597923,9426.121750303644,9459.9072265625,50816659
2021-03-04,9459.907536383842,9527.47849111457,9088.26821843334,9172.7314453125,73961572
2021-03-05,9155.838536803807,9290.979503804028,9054.482111752313,9240.3017578125,55643602
2021-03-08,9358.551102358399,9409.229784930249,9206.516920779855,9324.765625,41881767
2021-03-09,9189.623705795433,9307.872397883466,9122.052758011298,9223.4091796875,35360039
2021-03-10,9257.195001579921,9493.692394646498,9155.838576093485,9443.0146484375,73020119
2021-03-11,9544.37109375,9628.834323553814,9493.693342481418,9544.37109375,48164810
2021-03-12,9595.049778087116,9611.942050820466,9510.585615214766,9544.37109375,47688004
2021-03-15,9595.049137605916,9763.9755859375,9527.478185045895,9763.9755859375,69494409
2021-03-16,9831.545885376,9848.438155859596,9578.155296643197,9679.51171875,36255110
2021-03-17,9679.512045604124,9797.7607421875,9679.512045604124,9797.7607421875,40115944
2021-03-18,9899.117507586423,9916.0097792204,9797.761078577152,9865.33203125,39180995
2021-03-19,9797.761078577152,9916.0097792204,9797.761078577152,9865.33203125,28240746
2021-03-22,9865.3313594116,9882.223629895196,9628.833041162394,9679.51171875,45726197
2021-03-23,9679.512682195262,9696.404954360221,9544.370772601578,9578.15625,45037287
2021-03-24,9459.907534433594,9510.585283936942,9257.195603351704,9324.765625,46171613
2021-03-25,9358.550794712404,9459.907223455686,9290.979842216884,9307.873046875,37329482
2021-03-26,9223.40947530609,9375.443646159025,9037.589829478235,9290.9794921875,41037882
2021-03-29,9341.659155607138,9561.264299551884,9290.980471270022,9544.37109375,48225048
2021-03-30,9544.37046718212,9696.404644075676,9443.014971298731,9561.263671875,37595599
2021-03-31,9578.155913359446,9645.726865781391,9493.692689366248,9510.5849609375,29792488
2021-04-01,9544.37047258821,9865.33203125,9527.478200954236,9865.33203125,56108758
2021-04-02,10000.4736328125,10034.259111274892,9882.224924728389,10000.4736328125,50594658
2021-04-05,10220.078154791461,10270.7568359375,10068.043977490295,10270.7568359375,75190352
2021-04-06,10372.112023738326,10625.502622730002,10304.541072931419,10608.6103515625,95107914
2021-04-07,10642.395520942764,10828.215180075946,10625.503248779974,10743.751953125,66980287
2021-04-08,10743.751970689884,10743.751970689884,10473.469084163871,10541.0400390625,63705676
2021-04-09,10507.253577695252,10625.502271160583,10422.790358515504,10591.716796875,49082509
2021-04-12,10676.181013494725,10726.859696192048,10591.71778642386,10693.07421875,47375507
2021-04-13,10743.752299118756,10743.752299118756,10439.683925848274,10507.2548828125,64168655
2021-04-14,10405.89843079438,10591.718095615808,10338.327473937763,10557.9326171875,43058229
2021-04-15,10557.93228477301,10557.93228477301,10321.43487628946,10338.3271484375,53813526
2021-04-16,10270.75649746393,10355.219719165869,10068.043645697142,10203.185546875,52492269
2021-04-19,10287.64874455144,10405.897441271689,10118.722301542066,10304.541015625,40128386
2021-04-20,10372.111966056125,10473.468391702814,10169.40004783119,10304.541015625,37417432
2021-04-22,10270.756814218612,10304.541357486562,9865.33203125,9865.33203125,38869345
2021-04-23,9865.332360646536,10236.9716796875,9831.54688318204,10236.9716796875,47836476
2021-04-26,10236.971982049254,10236.971982049254,9966.688154350106,10000.4736328125,41066163
2021-04-27,10000.4736328125,10118.723273965143,9865.332652031457,10000.4736328125,29190681
2021-04-28,10000.472995523245,10405.897778167371,10000.472995523245,10220.078125,49992852
2021-04-29,10304.541027598007,10456.576132778913,10253.86328125,10253.86328125,54312675
2021-05-04,10000.473622723215,10591.718095615808,10000.473622723215,10557.9326171875,89244179
2021-05-05,10659.288073856962,10946.46414759805,10642.394869659487,10709.9658203125,80442772
2021-05-06,10709.966140398745,10845.108045743727,10591.717439756121,10676.1806640625,53909396
2021-05-07,10574.825168122235,10709.966140398745,10541.039691785989,10676.1806640625,70226871
2021-05-10,10676.18039559438,11301.210292494927,10659.288124385273,11216.7470703125,103845123
2021-05-11,11216.746707912964,11284.31765670315,11047.8193359375,11047.8193359375,71789925
2021-05-12,10997.14194618343,11216.7470703125,10963.35647069677,11216.7470703125,59926039
2021-05-13,11081.605498413901,11419.459330274498,11081.605498413901,11132.2841796875,76065063
2021-05-14,11284.318667498235,11284.318667498235,11098.499008214601,11149.1767578125,61834679
2021-05-17,11318.1025445077,11318.1025445077,11081.605149570642,11115.390625,54419291
2021-05-18,11098.499021086473,11318.10322497773,11014.034860900678,11250.533203125,66282894
2021-05-19,11385.674145451312,11655.95703125,11284.318646444617,11655.95703125,84003072
2021-05-20,11723.527985966797,11740.421191180249,11571.493804388254,11655.95703125,51317220
2021-05-21,11622.172515121096,11909.34767376057,11571.493832426451,11706.6357421875,57996754
2021-05-24,11757.313170161246,11824.88412319319,11622.172197165839,11740.4208984375,58966316
2021-05-25,11757.31316037741,12095.1669921875,11740.42088866772,12095.1669921875,65196929
2021-05-26,12416.128874064441,12669.5185546875,12365.450191485028,12669.5185546875,98009758
2021-05-27,12669.518888530903,12753.983050699399,12179.630853455144,12331.6650390625,81104620
2021-05-28,12365.450516065492,12737.08984375,12230.309536132914,12737.08984375,75233904
2021-05-31,12838.4453125,12939.801739624483,12500.591488486842,12838.4453125,88248458
2021-06-01,13041.157574862236,13125.621732876612,12872.231124970445,12906.0166015625,46185753
2021-06-02,12804.660144264359,13074.943023351374,12703.303714706048,13007.3720703125,68306917
2021-06-03,13514.15299818854,13902.6845703125,13463.475251019292,13902.6845703125,86730710
2021-06-04,13919.578443978415,14426.358739241423,13885.792966551748,14037.8271484375,93031288
2021-06-07,14020.933952370038,14020.933952370038,13176.29981535584,13429.6904296875,89638777
2021-06-08,13345.225927823529,13497.261038984432,12534.377289020094,12601.9482421875,86070081
2021-06-09,12534.37760191017,13108.728852033435,12416.128897449658,13024.265625,86613064
2021-06-10,13007.373074510451,13159.408197119603,12737.090174556999,12804.6611328125,44984970
2021-06-11,12906.016619645767,13497.261061232419,12753.98244130274,13311.44140625,70752318
2021-06-14,13311.440748407236,13480.367190187484,13142.513373558553,13277.6552734375,70672679
2021-06-15,13277.6552734375,13497.26039420657,13058.05015266843,13277.6552734375,70391179
2021-06-16,13260.763018473193,13362.119450636346,13058.051087215392,13074.943359375,58631365
2021-06-17,12838.445959399382,13514.153641473033,12804.660481988849,13480.3681640625,75364219
2021-06-18,13852.00781831127,13852.00781831127,13666.188154582936,13699.9736328125,73878710
2021-06-21,13649.294591446445,13835.114237605325,13547.93816634112,13733.7578125,53728684
2021-06-22,13852.006533668155,14341.894522961533,13818.221058571877,14189.8603515625,105550712
2021-06-23,14274.32487899858,14341.895835374487,14020.934259123182,14156.076171875,67097933
2021-06-24,14341.894522961533,14443.250948250368,14088.503926273665,14189.8603515625,63694960
2021-06-25,14189.861007716445,14257.431961033553,13953.363604175049,14223.646484375,53034967
2021-06-28,14392.57358562852,14629.07193293609,14358.788107441724,14561.5009765625,52727278
2021-06-29,14595.285798303637,14797.997725238605,14358.787461632946,14679.7490234375,53223033
2021-06-30,14696.640636821237,15017.60218424658,14645.962890625,14645.962890625,73515874
2021-07-01,14662.85675163812,14764.212248571364,14443.251619835291,14679.7490234375,72003724
2021-07-02,14797.997725238605,14797.997725238605,14645.96354677026,14679.7490234375,50228711
2021-07-05,14696.64195624116,14713.535161868818,14274.324878508996,14561.5009765625,72805753
2021-07-06,14629.071957729182,14679.749708561001,13547.939453125,13547.939453125,62135865
2021-07-07,13852.007174199387,14223.646484375,13345.225957389559,14223.646484375,88886239
2021-07-08,14223.646484375,14426.358411257843,14054.71910108223,14223.646484375,59327909
2021-07-09,14071.612638834382,14392.57327508081,13919.578456808496,14139.18359375,99991644
2021-07-12,14412.84487709221,14504.065384761512,13181.36709048814,13591.859375,70692679
2021-07-13,13728.690136503954,13956.742338745698,13363.808105826745,13591.859375,29854193
2021-07-14,13591.858920373565,13614.664046528094,12907.705135737671,13158.5615234375,43091695
2021-07-15,13044.536805250575,13432.223976999876,12998.926549750659,13363.80859375,33802966
2021-07-16,13455.028909983777,13500.639164823471,13204.17250836546,13272.587890625,28051792
2021-07-19,12770.874652949067,13090.146425965946,12360.382373355937,12383.1875,45600685
2021-07-20,12634.043170515852,12725.263671875,12086.720162360956,12725.263671875,31897080
2021-07-21,12816.485254527593,13044.536527165557,12725.264745472407,12770.875,25661160
2021-07-22,12770.874853176223,12998.926123192334,12542.82358316011,12930.5107421875,21990582
2021-07-23,12816.484514440917,12953.315270122415,12656.8486328125,12656.8486328125,23271577
2021-07-26,12451.603419326428,12611.239312750176,12223.552143006787,12405.9931640625,33484550
2021-07-27,12497.212890625,12656.848774034595,12451.602638222259,12497.212890625,24438612
2021-07-28,12520.018214068064,12702.459226553225,12474.407960946774,12588.43359375,12907984
2021-07-29,12725.26416740909,12953.3154296875,12679.65391495341,12953.3154296875,34231780
2021-07-30,12998.925207772603,13318.196963311173,12953.31495698138,13181.3662109375,39505329
2021-08-02,13181.367089769665,13272.587597433996,13044.53632827317,13135.7568359375,25871314
2021-08-03,13181.367571750328,13409.418849249918,13135.75731625041,13363.80859375,37335913
2021-08-04,13455.028516426297,13614.6644036959,13432.223389673496,13546.2490234375,34507461
2021-08-05,13500.63906018032,13683.080078125,13409.41855120798,13683.080078125,34918049
2021-08-06,13683.079240301995,13728.689491995423,13500.638233528285,13523.443359375,27039356
2021-08-09,13363.807244627566,13637.46875,13272.586742836755,13637.46875,25839851
2021-08-10,13705.88436614871,13774.29974368885,13455.027981834859,13523.443359375,28908162
2021-08-11,13546.2490234375,13774.300290965506,13455.028516426297,13546.2490234375,40916833
2021-08-12,13591.859078834927,13683.079584516545,13455.0283203125,13455.0283203125,20573213
2021-08-13,13455.028418700673,13546.248925049329,13272.58740600336,13500.638671875,23586850
2021-08-16,13500.63909617277,14230.404102965533,13455.028841565005,14139.18359375,66982717
2021-08-17,14344.429934948177,14504.065828250625,14139.183786416459,14230.404296875,38877925
2021-08-18,14139.183690392982,14298.819582611293,14139.183690392982,14184.7939453125,26101076
2021-08-19,14047.963180553947,14184.7939453125,13819.91190595636,14184.7939453125,44415216
2021-08-20,14139.18244291789,14139.18244291789,13432.222620970675,13637.46875,70501630
2021-08-23,13455.028411151128,13569.054044022969,13021.731006238131,13044.5361328125,46077052
2021-08-24,13044.536572655825,13112.9519546858,12816.485299222577,13021.7314453125,29674245
2021-08-25,12862.095120217555,13044.5361328125,12702.459234196976,13044.5361328125,44385260
2021-08-26,13044.536625927063,13067.341753363518,12770.875096689586,12816.4853515625,30967557
2021-08-27,12656.849363681018,12793.680127263797,12428.798091043054,12770.875,45809017
2021-08-30,12816.484672320456,13181.36669196591,12770.874419864773,12953.3154296875,34021686
2021-08-31,13044.535426632023,13090.145677311597,12725.263671875,12725.263671875,21856302
2021-09-01,12725.263671875,12862.094423913724,12634.043170515852,12725.263671875,26705020
2021-09-06,12748.070160240692,12930.511182465616,12634.044521350113,12907.7060546875,37526753
2021-09-07,12998.925879663764,13158.56176568434,12930.51049994066,13044.5361328125,42858331
2021-09-08,13135.757332468656,13135.757332468656,12862.095799131268,12907.7060546875,19595970
2021-09-09,12862.094924776136,12998.925682143183,12770.874419864773,12953.3154296875,21987230
2021-09-10,12953.316213556567,12953.316213556567,12862.095703125,12862.095703125,17755653
2021-09-13,12748.068797214788,12907.704674593298,12656.848295855638,12725.263671875,29050821
2021-09-14,12634.04384687129,12770.87460623516,12588.43359375,12588.43359375,23188830
2021-09-15,12542.82368186858,12588.433936230744,12405.992918782094,12520.0185546875,25093668
2021-09-16,12542.8235353865,12679.654296875,12542.8235353865,12679.654296875,20469100
2021-09-17,12770.874362752564,12770.874362752564,12611.23847987158,12702.458984375,20354930
2021-09-20,12839.29013696712,12998.9260247697,12816.48501013818,12884.900390625,38197731
2021-09-21,12725.264745472407,12816.485254527593,12611.239109153425,12770.875,23987802
2021-09-22,12770.875,12839.290381791388,12634.044236417221,12770.875,19487876
2021-09-23,12770.873922554574,12862.094423913724,12679.653421195426,12725.263671875,24695858
2021-09-24,12770.87470993351,13158.561864612462,12725.264456441868,13090.146484375,65206713
2021-09-27,13181.367290748336,13226.977545275928,12770.875,12770.875,20044266
2021-09-28,12770.875,12816.485254527593,12679.654490944815,12770.875,15900672
2021-09-29,12770.874804534,12862.095312193002,12656.849169960251,12679.654296875,24460188
2021-09-30,12679.653858249145,12839.28974113013,12656.84873212329,12702.458984375,15464737
2021-10-01,12725.26469931723,12748.069826498311,12428.798045963176,12520.0185546875,37911386
2021-10-04,12520.01870468004,12542.82383213433,12269.162302682833,12360.3828125,25626177
2021-10-05,12337.577007215405,12497.212890625,12337.577007215405,12497.212890625,19823679
2021-10-06,12542.8232421875,12565.628368569161,12383.187357515872,12542.8232421875,21067176
2021-10-07,12725.26391008342,12725.26391008342,12565.628029716632,12611.23828125,13633008
2021-10-08,12611.238818574164,12679.654198789174,12565.62856509749,12634.0439453125,17033144
2021-10-11,12679.654297615849,13135.7568359375,12656.849170699767,13135.7568359375,52807355
2021-10-12,13295.392179730321,13295.392179730321,13021.73066794734,13112.951171875,34353071
2021-10-13,13272.587398556181,13272.587398556181,13044.5361328125,13044.5361328125,22575461
2021-10-14,13112.951413258563,13135.756539660275,12998.92578125,12998.92578125,27880225
2021-10-15,13112.951313282387,13112.951313282387,12930.51030345966,12953.3154296875,17154225
2021-10-18,13112.951313282387,13112.951313282387,12930.51030345966,12953.3154296875,17662642
2021-10-19,12998.92646877235,12998.92646877235,12816.485447909216,12862.095703125,21197266
2021-10-20,12998.92646877235,12998.92646877235,12679.654682261866,12862.095703125,18723470
2021-10-21,12998.925175952447,12998.925175952447,12725.263671875,12725.263671875,21345371
2021-10-22,12839.289298573936,12839.289298573936,12702.458546535214,12725.263671875,15876162
2021-10-25,12748.069479674516,12770.87460623516,12588.43359375,12588.43359375,19595551
2021-10-26,12634.044672247532,12748.0703125,12588.434416146545,12748.0703125,14322211
2021-10-27,12770.874419864773,12953.3154296875,12748.069293636932,12953.3154296875,21382450
2021-10-28,13067.341160455138,13067.341160455138,12930.510402044863,12998.92578125,19072260
2021-10-29,12998.92578125,13044.536034053424,12862.095022839725,12998.92578125,22941639
2021-11-01,13044.535934598864,13090.146187054546,12907.70517723182,12953.3154296875,22315072
2021-11-02,12907.70517723182,12998.925682143183,12884.900051003977,12953.3154296875,21891706
2021-11-03,12953.315678145984,13455.028464781875,12953.315678145984,13295.392578125,58834418
2021-11-04,13341.002088706786,13386.61233949801,13158.561085541889,13181.3662109375,22655064
2021-11-05,13204.171575161072,13204.171575161072,13044.535694504404,13067.3408203125,17415870
2021-11-08,13067.341160455138,13135.756539660275,12953.315528446576,12998.92578125,29251297
2021-11-09,13044.5361328125,13204.172018833076,12998.925879663764,13044.5361328125,25897877
2021-11-10,13135.756639109974,13135.756639109974,13021.731006238131,13044.5361328125,22452075
2021-11-11,13044.536625927063,13044.536625927063,12770.875096689586,12816.4853515625,33514715
2021-11-12,12770.875044535927,13021.7314453125,12770.875044535927,13021.7314453125,21719091
2021-11-15,13090.146385961236,13226.977145407445,12976.120753089395,13044.5361328125,26394774
2021-11-16,13135.756197736786,13204.171575161072,12998.925442888212,13067.3408203125,30219532
2021-11-17,13067.341357629179,13090.146484375,12953.315723900076,13090.146484375,14718345
2021-11-18,13090.147076912424,13090.147076912424,12907.7060546875,12907.7060546875,32958117
2021-11-19,12862.095799131268,13204.172715803003,12770.875288018806,12907.7060546875,38696302
2021-11-22,12976.121328405477,13455.02900770031,12953.316200820009,13318.1982421875,50245155
2021-11-23,13386.61233949801,13409.41746489362,13158.561085541889,13181.3662109375,25044230
2021-11-24,13181.366309884539,14093.572265625,13112.950933184136,14093.572265625,90070997
2021-11-25,14276.013270159405,14344.428646859807,14025.156888924597,14093.572265625,45761779
2021-11-26,14184.794154101928,14207.599281897361,13751.495792920177,13819.912109375,48750989
2021-11-29,13546.249121165349,13660.274755751978,13409.418359661397,13591.859375,39146065
2021-11-30,13751.495465883423,13774.300593136508,13181.367284556334,13226.9775390625,50891833
2021-12-01,13226.977056108457,13455.0283203125,13135.756550426839,13455.0283203125,23568206
2021-12-02,13523.444292243317,13546.249419663165,13272.587890625,13272.587890625,17546798
2021-12-03,13363.808610249811,13409.418865806043,12907.7060546875,12907.7060546875,26064207
2021-12-06,12907.705264294078,13021.730896202384,12314.771978370889,12542.8232421875,34839702
2021-12-07,12634.043899167122,12862.095165717541,12611.23877251208,12839.2900390625,16910595
2021-12-08,12862.094924776136,13090.146187054546,12793.679546092613,12953.3154296875,16062603
2021-12-09,12816.485299222577,13044.536572655825,12816.485299222577,13021.7314453125,10380350
2021-12-10,13067.341504197168,13090.146631198779,12884.900488184277,12930.5107421875,13252376
2021-12-13,12930.51030345966,12998.925682143183,12907.70517723182,12953.3154296875,19020937
2021-12-14,12930.51064428288,13044.53627842758,12862.09526379606,12884.900390625,14136608
2021-12-15,12884.900149241437,13067.341160455138,12862.095022839725,12998.92578125,14789360
2021-12-16,13135.756785743339,13135.756785743339,12862.09526379606,12884.900390625,16741123
2021-12-17,12907.705958340783,12953.316213556567,12816.485447909216,12862.095703125,16424382
2021-12-20,12862.094423913724,12884.89954925351,12725.263671875,12725.263671875,18500788
2021-12-21,12816.48569665148,12862.095952752466,12702.460056399012,12748.0703125,14181018
2021-12-22,12748.069035850103,12793.679287383471,12565.628029716632,12611.23828125,19346475
2021-12-23,12679.654793708349,12702.459921516684,12360.383004391659,12451.603515625,21984716
2021-12-24,12428.797759271745,12839.2900390625,12428.797759271745,12839.2900390625,16216889
2021-12-27,12907.705419027625,12953.315672337709,12725.26440578729,12839.2900390625,9123865
2021-12-28,12930.511182465616,12953.31631024373,12793.680415796922,12907.7060546875,16009814
2021-12-29,12976.121438021846,13158.56246024677,12884.900926909384,12907.7060546875,21087287
2021-12-30,13044.536475269206,13112.95185678841,12907.705712230794,12976.12109375,11806726
2021-12-31,13090.145709355053,13386.61233949801,12998.925207772603,13181.3662109375,27922750
2022-01-04,13318.198145464694,13409.418655144083,13249.782763205154,13272.587890625,21118918
2022-01-05,13272.587498341565,13295.392625087385,13067.341357629179,13090.146484375,21768319
2022-01-06,12998.926123192334,13044.536377195556,12839.290234181057,12930.5107421875,27758514
2022-01-07,12930.51049994066,13158.56176568434,12907.70537336629,13044.5361328125,21633412
2022-01-10,13021.731498490606,13112.952008236432,12816.4853515625,12816.4853515625,27229358
2022-01-11,12884.89954925351,12998.925175952447,12725.263671875,12725.263671875,18884659
2022-01-12,12862.095690478136,13318.1982421875,12793.680307721732,13318.1982421875,32238121
2022-01-13,13546.2490234375,14070.767871820395,13477.833643179098,13546.2490234375,74037930
2022-01-14,13455.027981834859,13751.494617842136,13341.00235260129,13523.443359375,20937296
2022-01-17,13546.248825994118,14025.15741389108,13455.0283203125,13455.0283203125,64360187
2022-01-18,13546.24824820919,13842.715812097753,13455.027746418376,13637.46875,30602469
2022-01-19,13774.300190920969,14047.962643035411,13500.638671875,13500.638671875,26724920
2022-01-20,13546.249505604703,13911.132479705693,13341.003357523936,13774.30078125,35213840
2022-01-21,13774.300433004164,14732.11669956714,13728.690179028237,14504.0654296875,108368168
2022-01-24,14526.870847155122,15051.388778366565,14435.650337379218,14640.896484375,71556381
2022-01-25,14595.2857453744,14914.5575190001,14549.6754919993,14868.947265625,44237783
2022-01-26,15028.583832525654,15461.881259197093,14960.168449367005,15188.2197265625,63148322
2022-01-27,15051.388671875,15211.024562853376,14846.142526331376,15051.388671875,42841153
2022-01-28,15188.219141521127,15598.711424661093,15142.60888783891,15370.66015625,53177931
2022-02-07,15644.321777671523,15735.543218683624,15302.244872882988,15416.2705078125,37812280
2022-02-08,15325.04999986889,15575.906396713815,15188.219237953475,15416.2705078125,39829401
2022-02-09,15416.271003757993,15575.90689779484,15188.2197265625,15188.2197265625,46651457
2022-02-10,15142.60845565743,15598.710979462103,15074.19307708673,15393.46484375,50101450
2022-02-11,15393.465040945499,15575.9060528045,15370.659914463125,15484.685546875,30025131
2022-02-14,15279.439951600154,15416.270715357687,14595.2861328125,14595.2861328125,59718860
2022-02-15,14663.70122197298,15005.778124538234,14572.480714622247,14914.5576171875,43448656
2022-02-16,15028.582709214887,15074.19296124485,14709.310945005149,14891.751953125,20535952
2022-02-17,14891.752971677362,15142.609375,14868.947844102577,15142.609375,19628231
2022-02-18,15005.777583199906,15074.19296124485,14846.141701095037,14891.751953125,32644520
2022-02-21,14868.946827110018,15005.777583199906,14526.8699368853,14891.751953125,39421327
2022-02-22,14823.336877849388,15689.9326171875,14640.895866003146,15689.9326171875,80169735
2022-02-23,15781.153521475753,15917.984283814465,15575.90644489919,15667.126953125,36520182
2022-02-24,15507.4912109375,15872.374180372944,15142.60917457056,15507.4912109375,63292237
2022-02-25,15712.737454406308,15917.984534211499,15553.1015625,15553.1015625,35319210
2022-02-28,15530.295798753568,15872.37362903374,15507.490672272788,15689.9326171875,27504411
2022-03-01,15781.153671281209,15917.984434918812,15439.0758291187,15507.4912109375,36512851
2022-03-02,15416.270204011305,15416.270204011305,14777.726660989514,14823.3369140625,109446172
2022-03-03,15005.778513720914,15188.219533154086,14412.845200563106,15096.9990234375,63836267
2022-03-04,15051.38759505215,15188.218348958604,14868.946589843545,15005.77734375,36022448
2022-03-07,14686.5068359375,14891.752984284323,14595.286325561134,14686.5068359375,42142524
2022-03-08,14504.06563061213,14595.28613982766,14139.18359375,14139.18359375,59223849
2022-03-09,14139.182857141526,14276.013613836358,13797.105032335992,14025.1572265625,50642337
2022-03-10,14276.014898653642,14481.261052167698,14139.184129644273,14161.9892578125,25858285
2022-03-11,14161.988669730112,14458.45532360618,14161.988669730112,14344.4296875,23629585
2022-03-14,14367.23403610648,14595.28529595988,14230.40328019444,14435.6494140625,37373830
2022-03-15,14549.675486637374,14549.675486637374,14298.81909316677,14412.8447265625,18259462
2022-03-16,14663.701611818977,14777.727249038855,14549.675974599098,14640.896484375,23517302
2022-03-17,14800.5320310846,14937.362792555252,14686.506396525725,14709.3115234375,23471634
2022-03-18,14823.337503926807,14846.142631370783,14595.28622948705,14640.896484375,29692262
2022-03-21,14732.117091125683,14732.117091125683,14504.06581518477,14686.5068359375,24913722
2022-03-22,14686.50659049763,14914.55786262737,14686.50659049763,14800.5322265625,24074948
2022-03-23,14823.337059193396,14914.557566232479,14663.701171875,14663.701171875,23398104
2022-03-24,14618.091796875,14754.922565656894,14595.286668744684,14618.091796875,21042667
2022-03-25,14618.09106462732,14686.506445591212,14504.0654296875,14504.0654296875,19662020
2022-03-28,14504.065134139597,14572.480513709395,14184.79336281387,14367.234375,33395309
2022-03-29,14435.650241762047,14595.2861328125,14367.234859883281,14595.2861328125,18592151
2022-03-30,14549.675062900282,15233.828843349718,14504.064810870319,14891.751953125,67674643
2022-03-31,14891.75224900397,15096.998387216765,14891.75224900397,15028.5830078125,40229935
2022-04-01,15051.388960245204,15279.440237440696,14960.168449367005,15188.2197265625,34065449
2022-04-04,15393.465581114375,15393.465581114375,15051.388671875,15051.388671875,25584071
2022-04-05,15028.582709214887,15142.608339289793,14891.751953125,14891.751953125,20925565
2022-04-06,14891.752635228797,15279.439795241151,14823.337254050146,15211.0244140625,35293444
2022-04-07,15302.244775726673,15689.932865094013,15279.439648885564,15370.66015625,50497583
2022-04-08,15393.465778322638,15507.491416196564,15096.999119850429,15142.609375,23941926
2022-04-12,15142.60893476123,15165.414061673006,14686.506396525725,14709.3115234375,33154298
2022-04-13,14709.31137881215,14960.1677723752,14686.5062521246,14868.947265625,28827093
2022-04-14,14914.55820944622,15005.778720419332,14732.1171875,14732.1171875,16563061
2022-04-15,14732.116298032584,14754.921424398979,14276.013770704712,14321.6240234375,36511594
2022-04-18,14276.01466528366,14276.01466528366,13751.495792920177,13819.912109375,39151511
2022-04-19,13911.132592817536,14070.768487067247,13363.80859375,13363.80859375,27549240
2022-04-20,13409.418067471692,13705.884710936949,13295.39243536967,13455.0283203125,27311265
2022-04-21,13455.02880569415,13933.937410867436,13272.58778774947,13683.080078125,26405038
2022-04-22,13819.911774652011,14047.963047082862,13591.85956915266,13683.080078125,23993249
2022-04-25,13774.300703893665,13911.132401580913,12725.264841816674,12816.4853515625,39741061
2022-04-26,12770.874852251101,13432.223535249917,12314.772312251918,13386.61328125,30964248
2022-04-27,13341.002882662293,13569.0541501903,13158.561868639888,13546.2490234375,15442124
2022-04-28,13591.859522971701,13637.469777302902,13409.4185056469,13432.2236328125,14104766
2022-04-29,13386.61323274407,13637.469628834651,13363.808105826745,13591.859375,17883229
2022-05-04,13591.858468058519,13614.66359345413,13181.3662109375,13181.3662109375,16496445
2022-05-05,13363.808302581003,13363.808302581003,12884.900630266246,13226.9775390625,14526457
2022-05-06,12998.926272637964,13135.757036220743,12770.875,12770.875,18543313
2022-05-09,12588.434199420468,12679.654710051964,11927.085497342125,11949.890625,37597558
2022-05-10,11767.449918312115,12337.578125,11448.1781225669,12337.578125,22921109
2022-05-11,12337.577104752549,12542.8232421875,12177.941220080922,12542.8232421875,14002538
2022-05-12,12314.771596327697,12451.602350372741,11699.033203125,11699.033203125,29800774
2022-05-13,11858.670040946237,11949.890551012946,10992.0751953125,10992.0751953125,43891296
2022-05-16,11493.78749471588,11562.202874254226,11174.515723536937,11220.1259765625,15776448
2022-05-17,11242.931757814367,11995.5009765625,11197.321502132663,11995.5009765625,25677290
2022-05-18,12223.551119353993,12542.822879464298,12041.110113576677,12155.1357421875,18405264
2022-05-19,11949.889708747685,12337.576849205809,11858.66920511048,12200.74609375,13229542
2022-05-20,12223.551951836289,12428.798097314013,12132.331442735078,12314.7724609375,12151747
2022-05-23,12314.772766334434,12360.383022016138,11904.28046519909,11995.5009765625,20571328
2022-05-24,12086.720562647191,12246.3564453125,11927.084679981883,12246.3564453125,16395750
2022-05-25,12314.77297142871,12884.901176945126,12314.77297142871,12793.6806640625,23270111
2022-05-26,12907.704916216891,12907.704916216891,12611.23828125,12611.23828125,16111060
2022-05-27,12634.044236417221,12839.290381791388,12565.628854625833,12770.875,17833372
2022-05-30,12884.900733871867,12884.900733871867,12725.264841816674,12816.4853515625,17426764
2022-05-31,12770.874262547084,12770.874262547084,12542.823003077918,12656.8486328125,11192520
2022-06-01,12588.43359375,12770.87460623516,12565.628467189355,12588.43359375,9553307
2022-06-02,12565.629057486247,12702.459823278032,12405.9931640625,12405.9931640625,14659690
2022-06-03,12428.797512020888,12497.212890625,12155.135997604439,12497.212890625,10829064
2022-06-06,12497.213232035647,12565.628612508795,12269.161963791821,12428.7978515625,14542169
2022-06-07,12451.603670075985,12451.603670075985,12041.111364434166,12291.9677734375,13070125
2022-06-08,12405.993391742597,12816.48569665148,12291.96775149013,12748.0703125,25412712
2022-06-09,12839.29018527825,12839.29018527825,12542.8235353865,12679.654296875,11605832
2022-06-10,12542.8232421875,12770.874506004111,12520.018115805839,12542.8232421875,13228704
2022-06-13,12223.551093631002,12223.551093631002,11676.228077450825,11699.033203125,38220984
2022-06-14,11402.566900694095,11813.059174757223,11402.566900694095,11630.6181640625,18738133
2022-06-15,11516.592920994643,11630.618556526531,11037.685251760715,11356.95703125,38367831
2022-06-16,11402.567285462756,11585.008302313776,11356.95703125,11356.95703125,16658796
2022-06-17,10786.82921091375,10992.075361670106,10581.582127088865,10627.1923828125,64904007
2022-06-20,10627.191588840753,10786.828405015322,9965.842930258294,10262.3095703125,20526917
2022-06-21,10262.310009947481,10444.75102702734,10057.063865732642,10239.5048828125,33937244
2022-06-22,10330.725387839366,10900.85449908854,10330.725387839366,10695.607421875,24829928
2022-06-23,10604.386575762368,10969.26953125,10604.386575762368,10969.26953125,12148605
2022-06-24,11037.685056083355,11037.685056083355,10809.6337890625,10809.6337890625,8070998
2022-06-27,10855.244430212437,11037.685450345854,10764.023920145726,10992.0751953125,14981247
2022-06-28,10809.633793880017,11493.787595247491,10786.828667167769,11265.736328125,31011173
2022-06-29,11197.320947988253,11448.177341822993,11106.100441139257,11265.736328125,20863768
2022-06-30,11288.541951752295,11356.957334900648,11037.685546875,11037.685546875,18334248
2022-07-01,10832.439397429942,11128.90605773947,10695.607698064716,11037.685546875,17265461
2022-07-04,11106.10034399859,11242.931103075281,10992.074711434683,11220.1259765625,13994159
2022-07-05,11242.931441378578,11767.449366955465,11174.516059781594,11607.8134765625,49747212
2022-07-06,11402.567285462756,11653.42368363291,11334.151904143622,11356.95703125,27694413
2022-07-07,11356.9572243981,11562.203371846124,11174.5162044443,11448.177734375,13768545
2022-07-08,11539.398688737283,11539.398688737283,11379.762790130088,11425.373046875,12552909
2022-07-11,11356.956534526918,11425.371912853745,11083.295021219616,11128.9052734375,22720005
2022-07-12,11174.516634777976,11493.78843199237,11106.101249660605,11425.373046875,13021105
2022-07-13,11539.3984375,11744.644588383464,11448.177925996239,11539.3984375,22381898
2022-07-14,11470.982279704616,11653.423290399342,11470.982279704616,11630.6181640625,18114499
2022-07-15,11630.618603761495,11721.839112557474,11585.008349363505,11607.8134765625,38346254
2022-07-18,11630.618064784354,11721.838569353064,11585.0078125,11585.0078125,14966793
2022-07-19,11562.20346899502,11585.00859668086,11402.56757519414,11493.7880859375,10787377
2022-07-20,11630.618700735859,11699.034082903281,11585.008445957577,11653.423828125,15254205
2022-07-21,11630.618262565034,11744.64389521495,11630.618262565034,11676.228515625,13995416
2022-07-22,11676.22895551414,11813.059719848985,11653.423828125,11653.423828125,16235218
2022-07-25,11607.813280694241,11653.423534322612,11493.787646623316,11516.5927734375,7907601
2022-07-26,11516.59267511397,11607.813181591911,11448.177295255515,11470.982421875,7810191
2022-07-27,11402.567285462756,11448.177539675511,11288.541649930869,11356.95703125,13629237
2022-07-28,11516.593063790155,11744.644337681562,11448.177681622732,11653.423828125,19845466
2022-07-29,11721.838328799175,11744.643454473347,11630.617826102478,11699.033203125,21783193
2022-08-01,11721.838681363457,12086.720703125,11699.03355500336,12086.720703125,25694887
2022-08-02,12063.915772598539,12246.356786440876,11995.500392407661,12177.94140625,22857846
2022-08-03,12132.3313468051,12269.162109375,11949.890330045235,12269.162109375,22061388
2022-08-04,12291.9677734375,12405.99341389356,12223.552389163864,12291.9677734375,27050249
2022-08-05,12269.162645346289,12291.9677734375,12109.526748707804,12291.9677734375,15694541
2022-08-08,12314.772557591417,12405.993067408583,12223.55204777425,12360.3828125,21045809
2022-08-09,12497.213330128383,12588.43383814192,12405.992822114848,12474.408203125,24051486
2022-08-10,12497.213674590355,12520.01880222232,12360.38290879857,12405.9931640625,13588597
2022-08-11,12520.018407685637,12542.823534598954,12200.746630899182,12223.5517578125,25762760
2022-08-12,12223.552483662424,12360.383253267517,12177.942227127392,12337.578125,14946683
2022-08-15,12451.603076121615,12588.43383814192,12428.797949118232,12474.408203125,18287323
2022-08-16,12451.602978386882,12497.213232035647,12383.187597913735,12428.7978515625,16209662
2022-08-17,12451.602499290251,12702.458884706333,12451.602499290251,12656.8486328125,33108108
2022-08-18,12634.043407016685,12702.458784316736,12565.628029716632,12611.23828125,20352445
2022-08-19,12634.04384687129,12634.04384687129,12542.823340628709,12588.43359375,19220785
2022-08-22,12752.630857854527,12834.729690173312,12588.434126285472,12643.1669921875,19098480
2022-08-23,12478.968848434464,12725.264402866072,12478.968848434464,12697.8984375,11748385
2022-08-24,12725.26489295498,12807.363725283552,12670.53296011494,12752.630859375,12770842
2022-08-25,12807.363572402235,12944.1943359375,12725.264741053676,12944.1943359375,20427657
2022-08-26,12998.926021723857,13081.024851516197,12916.828125,12916.828125,25963969
2022-08-29,12615.79965681438,12862.095212192475,12533.701760400669,12807.36328125,23393426
2022-08-30,12889.461470682292,13081.025099472765,12834.729538495587,12944.1943359375,27030941
2022-08-31,12944.193851113278,13108.390574591913,12889.460987908087,12998.92578125,12565722
2022-09-05,12971.560056149237,13081.024851516197,12889.461226356896,12916.828125,11731626
2022-09-06,12916.828369844148,13081.025099472765,12889.461470682292,12944.1943359375,12026650
2022-09-07,12971.559906582532,13026.29183710069,12588.43359375,12588.43359375,39851886
2022-09-08,12643.166407038194,12725.264302488822,12451.60278484979,12478.96875,13967170
2022-09-09,12561.06806884829,12561.06806884829,12177.941742584375,12424.2373046875,15099431
2022-09-12,12588.433492702226,12588.433492702226,12369.50390625,12369.50390625,5677190
2022-09-13,12396.87153826252,12451.603471581517,12314.772705215502,12342.138671875,9129489
2022-09-14,12068.476417759526,12287.40600408622,12041.110452735806,12260.0400390625,12454974
2022-09-15,12287.406693359047,12342.138626476724,12068.477094751306,12123.2099609375,9695268
2022-09-16,12177.941056030255,12232.672985381554,11904.27954313685,11931.6455078125,13015415
2022-09-19,11876.914417673317,11931.646350891926,11493.7880859375,11493.7880859375,16523049
2022-09-20,11685.3505859375,11685.3505859375,11466.421923729124,11685.3505859375,19630570
2022-09-21,11603.2529296875,11603.2529296875,11466.42216305071,11603.2529296875,9292011
2022-09-22,11493.787406041458,11630.6181640625,11411.688578001445,11630.6181640625,18286206
2022-09-23,11603.252885443237,11685.350785271148,11493.7880859375,11493.7880859375,10332449
2022-09-26,11274.85780473454,11439.054527524073,10891.731496179991,11001.1962890625,21239582
2022-09-27,11138.027542519741,11138.027542519741,10946.464846252518,11055.9287109375,8078575
2022-09-28,10946.464554761002,11083.29531504209,10919.09765625,10919.09765625,6225166
2022-09-29,11055.92866145869,11083.295560575965,10837.0,10837.0,8365568
2022-09-30,10782.267180623057,10946.46484375,10563.33851823464,10946.46484375,16282667
2022-10-03,10891.732202772695,10891.732202772695,10180.212402479785,10234.9443359375,21787382
2022-10-04,10508.605415251246,10508.605415251246,10125.479098397836,10289.6767578125,33633178
2022-10-05,10453.873537378797,10645.436230246496,10426.507571693195,10508.60546875,10490088
2022-10-06,10481.239809736491,10481.239809736491,9879.183881695179,9906.55078125,18613351
2022-10-07,9605.522370913946,9742.353136702011,9222.396040093663,9277.12890625,87133647
2022-10-10,9277.12847068955,9523.424024158212,9058.198882479966,9441.3251953125,29500933
2022-10-11,9468.690886383049,9468.690886383049,8784.537109375,8784.537109375,42643102
2022-10-12,8839.26975118413,9386.59375,8839.26975118413,9386.59375,30045433
2022-10-13,9386.593071577698,9605.521722212308,9304.494244421934,9523.423828125,28923106
2022-10-14,9797.085401861277,10016.014053851006,9632.888679601865,9742.3525390625,30021850
2022-10-17,9687.621047479923,9742.352979685633,9359.226655040153,9578.15625,18597744
2022-10-18,9824.45206147763,9961.282828548081,9550.79052733673,9605.5224609375,22623049
2022-10-19,9687.621047479923,9742.352979685633,9441.325486417221,9578.15625,9758287
2022-10-20,9550.7904831105,9578.156449784163,9386.59375,9386.59375,13465281
2022-10-21,9441.325185992351,9441.325185992351,8811.9033203125,8811.9033203125,38765712
2022-10-24,8921.368517258916,9003.467349731724,8456.144288095706,8538.2421875,35479431
2022-10-25,8620.341192105298,9112.932330641266,8483.510423964033,8976.1015625,29739919
2022-10-26,8976.1015625,9195.030231684905,8894.002728387828,8976.1015625,12734706
2022-10-27,9030.833195668885,9578.15625,9030.833195668885,9578.15625,33769099
2022-10-28,9742.35277943356,9933.916404353,9523.42412204225,9660.2548828125,35125753
2022-10-31,9687.62109375,9797.08589175275,9304.49476727463,9687.62109375,28538458
2022-11-01,9851.8173828125,10070.746969008933,9769.719487790186,9851.8173828125,36726385
2022-11-02,9851.81787022269,9961.282668736583,9742.353071708798,9797.0859375,18317280
2022-11-03,9660.2548828125,9851.817574663457,9632.888917272147,9660.2548828125,18818296
2022-11-04,9496.057508319667,9797.0859375,9030.833280971261,9797.0859375,48705902
2022-11-07,9632.889270526373,9714.987170158101,9277.12890625,9277.12890625,37141163
2022-11-08,9167.663437333973,9550.789740167964,9085.564610630816,9413.958984375,27640191
2022-11-09,9468.691605125883,9605.522370913946,9249.76293970609,9277.12890625,16808750
2022-11-10,9222.396062331933,9249.762962010349,8647.70703125,8647.70703125,35151589
2022-11-11,8894.002641809288,9140.298208679711,8729.805908251847,8757.171875,27813539
2022-11-14,8729.805770513647,8729.805770513647,8264.580610861241,8319.3134765625,24100086
2022-11-15,8209.84869580464,8319.313494372997,7744.62353515625,7744.62353515625,47098513
2022-11-16,7361.496716417978,8264.580078125,7224.6659605877285,8264.580078125,46294217
2022-11-17,8401.410987862291,8702.43846958973,8264.580229525414,8592.974609375,27394745
2022-11-18,8483.509816091804,8866.636126048756,8209.84829941805,8592.974609375,24633746
2022-11-21,8702.43846958973,8811.903262872924,8538.24174619917,8592.974609375,24620478
2022-11-22,8592.975098030205,9003.46739638423,8538.24223174189,8647.70703125,36090950
2022-11-23,8647.706539482364,8811.903262872924,8592.974609375,8592.974609375,13671624
2022-11-24,8565.607711252851,8675.072504536047,8428.776952915974,8592.974609375,16395962
2022-11-25,8647.707117548991,8866.63671875,8620.341150665996,8866.63671875,17867762
2022-11-28,9003.466716996107,9413.958984375,8976.100752451202,9413.958984375,27066729
2022-11-29,9413.958984375,9550.789740167964,9195.029401878877,9413.958984375,29013534
2022-11-30,9468.690965665006,9605.521722212308,9277.128279726165,9523.423828125,24036542
2022-12-01,9687.620609332183,10070.746916649783,9550.78985193793,9742.3525390625,48497465
2022-12-02,9742.352781544429,10289.6767578125,9605.52202074453,10289.6767578125,28505708
2022-12-05,10399.140625,10563.338284493648,10262.309864134282,10399.140625,34795990
2022-12-06,10399.140881165113,10426.50778046718,9687.62109375,9687.62109375,38648575
2022-12-07,9660.255034170888,9797.085797085025,9441.325440280872,9468.69140625,22065648
2022-12-08,9687.62118322252,10125.479446208965,9605.522350695086,9906.55078125,24871859
2022-12-09,9961.2822265625,10016.014156855681,9714.986674106249,9961.2822265625,17610795
2022-12-12,9961.282622222621,10070.74742022537,9660.255127516439,9687.62109375,26902633
2022-12-13,9714.986624706846,9851.8173828125,9578.155866601192,9851.8173828125,14843162
2022-12-14,10043.380806571387,10070.746771040871,9851.817189148098,9933.916015625,28332361
2022-12-15,9851.817348460352,10508.605171691042,9851.817348460352,10371.7744140625,42408463
2022-12-16,10234.943893651453,10453.873484158681,10234.943893651453,10289.6767578125,20714126
2022-12-19,10289.67640703217,10535.97102162089,10043.380859375,10043.380859375,25423152
2022-12-20,10016.014045816823,10098.112873414904,9523.42387943371,9632.888671875,32038657
2022-12-21,9769.71992551919,9797.08589175275,9359.226699741752,9687.62109375,17635759
2022-12-22,9797.085452797624,10016.014105925591,9687.620659699407,9851.8173828125,14494197
2022-12-23,9824.45210544748,9824.45210544748,9632.889403918913,9714.9873046875,9659131
2022-12-26,9687.620385331842,9714.986349564235,9195.029296875,9195.029296875,23071171
2022-12-27,9222.395607102917,9468.69116057158,9167.663676584758,9441.3251953125,11707362
2022-12-28,9468.691209790037,9632.888868334963,9331.860449714917,9550.7900390625,8790297
2022-12-29,9468.690965665006,9632.888619976533,9468.690965665006,9523.423828125,7825448
2022-12-30,9605.522121127433,9605.522121127433,9359.2265625,9359.2265625,7295105
2023-01-03,9413.959143488099,9851.8173828125,9413.959143488099,9851.8173828125,14982644
2023-01-04,9906.549997910644,9988.647890877846,9824.451171875,9824.451171875,13581894
2023-01-05,9851.81743290767,9988.64819170909,9742.35263925284,9961.2822265625,13523763
2023-01-06,9879.183641151567,10262.309961836836,9851.817675331582,9988.6484375,19578897
2023-01-09,10125.479199668418,10125.479199668418,9961.282471680015,9988.6484375,10388485
2023-01-10,9961.2822265625,10043.38105507074,9906.550296269319,9961.2822265625,11173526
2023-01-11,9988.6484375,10098.113233848433,9961.282471680015,9988.6484375,11288394
2023-01-12,10016.014403319985,10070.747268028448,9933.91650586003,9988.6484375,13948317
2023-01-13,10070.747268028448,10152.846098556896,9988.6484375,9988.6484375,13964726
2023-01-16,10016.014692676694,10152.846391866591,9961.282759455551,10125.4794921875,13762224
2023-01-17,10234.943991966353,10618.0703125,10180.212060348043,10618.0703125,33258378
2023-01-18,10672.802046940451,10700.1689453125,10508.60532205053,10700.1689453125,17544459
2023-01-19,10672.80229132113,10809.633987109057,10618.070359460757,10727.53515625,19496326
2023-01-27,10891.731393412165,11001.19618526183,10754.900636867198,10782.2666015625,17063170
2023-01-30,10837.000108441793,10837.000108441793,10535.9716796875,10535.9716796875,22463143
2023-01-31,10508.60532205053,10700.1689453125,10262.30976818141,10700.1689453125,26350468
2023-02-01,10782.26744840732,10919.098215699045,10344.4091796875,10344.4091796875,27688023
2023-02-02,10453.87324186701,10453.87324186701,10152.845761697912,10371.7744140625,21599335
2023-02-03,10371.774605042398,10453.873434358627,10180.2119140625,10180.2119140625,21309410
2023-02-06,10180.212402479785,10344.409135921454,10125.479535953547,10234.9443359375,12493625
2023-02-07,10317.042371645533,10317.042371645533,10043.380859375,10043.380859375,17926190
2023-02-08,10125.479000877935,10234.943795077279,9988.648241395873,10070.7470703125,12412625
2023-02-09,10070.747315301556,10234.944044060716,10043.381349353112,10098.11328125,11189587
2023-02-10,10152.846347023033,10180.212313512733,10016.0146484375,10016.0146484375,13091003
2023-02-13,9961.282175910716,9961.282175910716,9714.986624706846,9851.8173828125,20197224
2023-02-14,9851.817623591289,9933.916453688566,9742.35282781775,9769.7197265625,14413021
2023-02-15,9714.986624706846,9988.648140918154,9714.986624706846,9851.8173828125,40781995
2023-02-16,9906.550540040045,10043.381302208463,9879.183641151567,9988.6484375,21098878
2023-02-17,9988.648680708919,10070.747513236352,9906.55078125,9906.55078125,21669529
2023-02-20,9906.550910967682,10344.4091796875,9906.550910967682,10344.4091796875,18140860
2023-02-21,10399.140570458316,10453.873434358627,10180.2119140625,10180.2119140625,15470043
2023-02-22,10070.747268028448,10125.479199668418,9988.6484375,9988.6484375,19857511
2023-02-23,9851.817189148098,9961.281980094485,9687.620469262742,9933.916015625,29430755
2023-02-24,9933.91665598906,9988.648588456183,9687.62109375,9687.62109375,19887188
2023-02-27,9550.789989417292,9578.155954676371,9441.3251953125,9441.3251953125,17914197
2023-02-28,9496.057125830659,9660.254783522083,9386.593264794341,9441.3251953125,15568326
2023-03-01,9386.593361272,9660.2548828125,9304.494531582457,9660.2548828125,11745767
2023-03-02,9660.254584672302,9687.620549368072,9496.056930360775,9523.423828125,6818878
2023-03-03,9578.156449784163,9578.156449784163,9386.59375,9386.59375,11628456
2023-03-06,9523.424271256754,9687.621000140018,9468.69140625,9468.69140625,12898083
2023-03-07,9523.423828125,9632.888619976533,9496.056930360775,9523.423828125,16284676
2023-03-08,9468.691016678837,9632.888671875,9413.959086992421,9632.888671875,13634789
2023-03-09,9660.254644467024,9824.451366726436,9632.888679601865,9742.3525390625,18990003
2023-03-10,9742.353271610364,9742.353271610364,9632.889403918913,9714.9873046875,11774047
2023-03-13,9496.057418622931,9632.889115274213,9496.057418622931,9578.15625,20614272
2023-03-14,9578.155704712868,9605.52166925777,9413.958984375,9413.958984375,23772942
2023-03-15,9632.888679601865,9769.719436996118,9578.155816803088,9742.3525390625,21639277
2023-03-16,9687.62079913762,9687.62079913762,9523.424073661172,9550.7900390625,13790296
2023-03-17,9687.62079913762,9687.62079913762,9550.7900390625,9550.7900390625,9069958
2023-03-20,9632.88906820176,9632.88906820176,9468.69140625,9468.69140625,11176494
2023-03-21,9550.79048360619,9578.156450281273,9413.95971716225,9496.0576171875,14074181
2023-03-22,9578.155757516539,9605.521722212308,9496.056930360775,9523.423828125,13527952
2023-03-23,9468.690965665006,9550.78979282077,9468.690965665006,9523.423828125,11515683
2023-03-24,9687.621337764638,9824.45210544748,9632.889403918913,9714.9873046875,35975035
2023-03-27,9742.352345839356,9851.8171361974,9687.620417194554,9824.451171875,14207379
2023-03-28,9879.183347819937,10016.014105925591,9851.8173828125,9851.8173828125,22028813
2023-03-29,9933.916748968399,10070.747514485416,9906.550782478698,10016.0146484375,21275369
2023-03-30,10070.747268028448,10125.479199668418,9988.6484375,9988.6484375,15673767
2023-03-31,10016.014403319985,10070.747268028448,9933.91650586003,9988.6484375,22944606
2023-04-03,10125.479535953547,10234.9443359375,10070.747602495832,10234.9443359375,35851091
2023-04-04,10262.3095703125,10289.676468156886,10180.211675984718,10262.3095703125,20447383
2023-04-05,10262.309859197734,10317.042723358783,10180.211962558886,10289.6767578125,17265495
2023-04-06,10317.04312459854,10344.409091209112,10125.4794921875,10125.4794921875,21829629
2023-04-07,10125.479050162186,10180.2119140625,10043.381153914435,10180.2119140625,14914736
2023-04-10,10234.943844894333,10399.140570458316,10180.2119140625,10180.2119140625,23874367
2023-04-11,10180.211675984718,10289.676468156886,10098.112848588478,10262.3095703125,11586036
2023-04-12,10289.67720246374,10289.67720246374,10152.84643575093,10234.9443359375,14498212
2023-04-13,10234.943597387415,10262.309562141554,10125.478805302404,10152.845703125,11961536
2023-04-14,10180.212313512733,10234.944246492134,10016.0146484375,10016.0146484375,15982930
2023-04-17,9961.282471680015,10043.381302208463,9933.91650586003,9988.6484375,10645103
2023-04-18,10043.380806571387,10070.746771040871,9879.183153617583,9933.916015625,10926091
2023-04-19,9988.648680708919,10016.014647195225,9906.55078125,9906.55078125,7257224
2023-04-20,9906.550051155515,9961.281980094485,9879.183153617583,9933.916015625,7179016
2023-04-21,9933.916458195848,9988.648389573207,9879.18359375,9879.18359375,12037997
2023-04-24,9879.183641151567,10016.014403319985,9851.817675331582,9988.6484375,9958519
2023-04-25,10070.747268028448,10070.747268028448,9933.91650586003,9988.6484375,12114982
2023-04-26,9988.647997079823,10043.380859375,9906.550103239733,10043.380859375,15683019
2023-04-27,10070.7470703125,10098.113035595217,10016.01420667859,10070.7470703125,6606251
2023-04-28,10125.479247198444,10152.846146215385,10043.381349353112,10098.11328125,12264938
2023-05-04,10043.38105507074,10098.11298536392,9933.91626141591,9961.2822265625,12976385
2023-05-05,9961.282714222612,9988.648680708919,9906.55078125,9906.55078125,19846005
2023-05-08,9961.282471680015,10016.014403319985,9933.91650586003,9988.6484375,11954677
2023-05-09,10016.0146484375,10043.381547995716,9961.2827154581,10016.0146484375,10483975
2023-05-10,10016.014692676694,10125.4794921875,9988.648726066122,10125.4794921875,12007798
2023-05-11,10180.212358477162,10207.578325087734,10098.113525576928,10125.4794921875,13354080
2023-05-12,10152.846192851706,10207.578125,10070.747361560763,10207.578125,12881345
2023-05-15,10262.31010328713,10453.873732804423,10234.944137089946,10317.04296875,31198102
2023-05-16,10317.042723358783,10371.774654451348,10234.943893651453,10289.6767578125,17802473
2023-05-17,10262.31001000916,10289.6769090261,10098.11328125,10098.11328125,16386012
2023-05-18,10152.845948646582,10207.577879478416,10098.11308474627,10180.2119140625,11625488
2023-05-19,10180.212158925853,10234.944091074147,10152.846192851706,10207.578125,7041629
2023-05-22,10234.944137089946,10344.408934947183,10207.578170892763,10317.04296875,14414419
2023-05-23,10344.40839770874,10399.140327260595,10234.943605536573,10262.3095703125,12975961
2023-05-24,10289.676708794646,10317.042674210565,10152.845948646582,10180.2119140625,9680431
2023-05-25,10180.212112163828,10180.212112163828,10098.11328125,10098.11328125,8911178
2023-05-26,10125.479247198444,10125.479247198444,10070.747315301556,10098.11328125,6955915
2023-05-29,10180.211675984718,10262.3095703125,10125.478813364405,10262.3095703125,12482976
2023-05-30,10289.676468156886,10317.042432932813,10207.577640760644,10262.3095703125,11637184
2023-05-31,10289.676708794646,10317.042674210565,10180.2119140625,10180.2119140625,12121442
2023-06-01,10180.211962558886,10289.6767578125,10152.845997012604,10289.6767578125,15425353
2023-06-02,10453.87315908196,10864.365428716863,10426.507194386657,10782.2666015625,61606101
2023-06-05,10891.731932097548,11001.196729361143,10809.634033951226,10837.0,35716148
2023-06-06,10891.731313486267,11192.7587890625,10836.999384497298,11192.7587890625,40200502
2023-06-07,11192.758293754445,11247.491153389794,11083.294440620557,11138.0263671875,24709336
2023-06-08,11138.027539973427,11192.759472303405,10946.46484375,10946.46484375,27440657
2023-06-09,11001.197064719989,11083.2958984375,10946.465130954,11083.2958984375,19796062
2023-06-12,11110.660403904028,11165.392330470972,10946.463691134793,11138.0263671875,16067074
2023-06-13,11165.393062970099,11165.393062970099,11028.562304507632,11110.6611328125,21025559
2023-06-14,11001.196480132627,11055.928410990242,10809.6337890625,10809.6337890625,19447620
2023-06-15,10809.633499326257,10864.365428716863,10754.900636867198,10782.2666015625,16583276
2023-06-16,10864.365428716863,11055.928114652435,10782.2666015625,10782.2666015625,24336454
2023-06-19,10782.266841223221,10836.999704898846,10700.1689453125,10700.1689453125,12282395
2023-06-20,10727.53540063389,10754.9013671875,10645.436567904539,10754.9013671875,11411467
2023-06-21,10782.267377872126,10864.3662109375,10754.901411206507,10864.3662109375,12561009
2023-06-22,11001.196237683776,11138.026994880758,10891.7314453125,10891.7314453125,25852420
2023-06-23,11028.562744766255,11110.661576348495,10973.830812423765,11055.9287109375,21487820
2023-06-26,11055.9287109375,11247.492340273227,10919.09794701277,11055.9287109375,25981776
2023-06-27,11083.295116991498,11110.661081945009,10946.464359155478,11001.1962890625,24684896
2023-06-28,11055.92832544249,11384.322707252584,11001.196395008377,11329.58984375,39226577
2023-06-29,11329.589786511366,11329.589786511366,11110.6611328125,11110.6611328125,26551607
2023-06-30,11110.661576348495,11165.393508690986,11028.562744766255,11055.9287109375,11669829
2023-07-03,11110.661576348495,11138.027542519741,11001.19677859501,11055.9287109375,19325945
2023-07-04,11055.92754426868,11138.0263671875,11001.195617701736,11138.0263671875,13403134
2023-07-05,11220.126420323972,11302.224319175913,11110.661622119538,11165.3935546875,22961541
2023-07-06,11192.759474862232,11247.492340273227,11028.562744766255,11055.9287109375,28258867
2023-07-07,11055.928033521626,11192.7587890625,11001.196104532655,11192.7587890625,20803332
2023-07-10,11274.858200439643,11411.688963077908,11247.49223452569,11356.95703125,29376289
2023-07-11,11356.957363127576,11603.2529296875,11356.957363127576,11603.2529296875,30358769
2023-07-12,11603.252885443237,11657.984818661846,11439.055219650372,11493.7880859375,22930292
2023-07-13,11521.153565796863,11630.61836067789,11439.054736368973,11548.51953125,31321349
2023-07-14,11738.71484375,11801.656846891849,11581.359369361122,11738.71484375,28122012
2023-07-17,11801.655693010027,11864.598623066284,11644.300234006243,11707.2431640625,16707563
2023-07-18,11707.2431640625,11738.7136960222,11612.829702046545,11707.2431640625,11723210
2023-07-19,11707.243327236147,11770.18532510125,11581.3583984375,11581.3583984375,18134635
2023-07-20,11581.359585993634,11644.301590312829,11518.41758167444,11612.8310546875,9792033
2023-07-21,11675.772840608153,11738.71484375,11581.359369361122,11738.71484375,13033179
2023-07-24,11738.714250041567,11801.65625,11675.772250083133,11801.65625,13580018
2023-07-25,11801.656462607089,12021.953932964503,11770.185928595167,11833.1279296875,15365848
2023-07-26,11833.127716513452,11864.599183026905,11738.714250041567,11801.65625,9004853
2023-07-27,11801.655693010027,11833.127158038154,11644.300234006243,11707.2431640625,14363701
2023-07-28,11675.77305049328,11770.1865234375,11675.77305049328,11770.1865234375,10661465
2023-07-31,11864.5986328125,11896.069164798051,11770.185170718989,11864.5986328125,15143417
2023-08-01,11896.069164798051,12179.308618010158,11864.5986328125,11864.5986328125,27358564
2023-08-02,11864.599777478254,11927.541780590265,11801.656841297721,11896.0703125,9346920
2023-08-03,11927.540629852032,12021.953158877113,11833.12716775852,11864.5986328125,19021390
2023-08-04,11864.599185328274,12053.4251852402,11833.127718808717,11959.01171875,22600666
2023-08-07,12053.425566390544,12210.78103782724,11990.483564429567,12179.3095703125,23701732
2023-08-08,12273.722481671544,12273.722481671544,12053.425018291346,12084.896484375,14106767
2023-08-09,12084.897249325737,12116.367784332955,11959.012310091306,12053.42578125,16249141
2023-08-10,12084.897254904556,12084.897254904556,11896.0703125,11896.0703125,14147903
2023-08-11,11959.012315612012,11990.483783702279,11738.71483818571,11896.0703125,13167101
2023-08-14,11927.541015625,12021.953547703672,11801.656084406006,11927.541015625,12282369
2023-08-15,11927.541015625,11959.011548628405,11833.12755047787,11927.541015625,8691472
2023-08-16,11896.06971877936,12084.896651759756,11833.127718808717,11959.01171875,14895349
2023-08-17,11959.011161837583,11959.011161837583,11864.5986328125,11864.5986328125,12012048
2023-08-18,11833.128152121959,11833.128152121959,11266.648265505506,11392.533203125,35029382
2023-08-21,11329.590434909764,11549.888845726487,11235.177896638048,11424.00390625,14864677
2023-08-22,11518.416608375635,11518.416608375635,11172.235147337906,11455.474609375,13746685
2023-08-23,11518.416776577786,11518.416776577786,11329.58984375,11329.58984375,9671818
2023-08-24,11392.533747670737,11549.889227415077,11329.590809318162,11486.9462890625,10162590
2023-08-25,11455.475205400493,11455.475205400493,11392.533203125,11392.533203125,7513834
2023-08-28,11486.945142341088,11518.416608375635,11361.061144339816,11455.474609375,11682855
2023-08-29,11486.9462890625,11549.889227415077,11424.004283778475,11486.9462890625,14575413
2023-08-30,11518.416400572398,11644.300396302604,11486.944935105625,11581.3583984375,11238575
2023-08-31,11581.358781304107,11675.772247757184,11581.358781304107,11644.30078125,11332240
2023-09-05,11707.244297759482,12116.367784332955,11675.772829683743,12053.42578125,33816743
2023-09-06,12084.89665404297,12116.3671875,11896.069721026897,12116.3671875,21638695
2023-09-07,12116.367400109757,12336.66487044849,12053.425399022759,12147.8388671875,34708993
2023-09-08,12147.83903858109,12179.309573034361,12021.9541015625,12021.9541015625,17177277
2023-09-11,12179.30918281907,12179.30918281907,11801.65625,11801.65625,23367333
2023-09-12,11864.599187569867,12116.3671875,11801.65625451886,12116.3671875,16877259
2023-09-13,12147.837878317538,12179.308409764995,11896.068961395795,11990.482421875,23811439
2023-09-14,12021.954313174261,12179.309787415912,11959.012310091306,12053.42578125,25983939
2023-09-15,12084.89627739583,12399.607200568447,12021.95334630655,12210.7802734375,41489960
2023-09-18,12210.781255491649,12210.781255491649,11959.012310091306,12053.42578125,23962510
2023-09-19,12053.4251852402,12084.896651759756,11896.06971877936,11959.01171875,17522941
2023-09-20,11990.483019192498,12084.896484375,11927.541020093648,12084.896484375,17083268
2023-09-21,12084.896479847399,12179.309011926069,11864.599016549733,11927.541015625,19531680
2023-09-22,11801.657059039882,11833.1285277108,11518.41757327576,11770.1865234375,40356864
2023-09-25,11770.186149846466,11801.65668444996,11392.533203125,11392.533203125,21106590
2023-09-26,11424.004283778475,11612.831232699102,11392.533747670737,11486.9462890625,17047291
2023-09-27,11424.003314905134,11644.30078125,11424.003314905134,11644.30078125,13485638
2023-09-28,11549.888247865396,11675.772247757184,11455.474781412318,11644.30078125,17511526
2023-09-29,11644.30078125,11738.714247703077,11644.30078125,11644.30078125,7160450
2023-10-02,11675.771699034372,11770.185161050327,11581.358237018416,11707.2431640625,6929743
2023-10-03,11581.358993824879,11644.300994925774,11329.590056352808,11361.0615234375,24158362
2023-10-04,11361.061903046015,11486.945909453983,11298.119899842031,11424.00390625,11252136
2023-10-05,11455.474991623087,11518.416992723984,11329.590056352808,11361.0615234375,12209539
2023-10-06,11361.061903046015,11455.475374386251,11298.119899842031,11424.00390625,7462968
2023-10-09,11424.00352400631,11518.4169921875,11329.59005582512,11518.4169921875,17984094
2023-10-10,11581.359585993634,11675.773059006697,11549.889050368305,11612.8310546875,12705250
2023-10-11,11581.358781304107,11644.30078125,11518.416781358212,11644.30078125,11223793
2023-10-12,11644.301208725597,11675.772676388133,11549.888671875,11549.888671875,8795929
2023-10-13,11518.41758167444,11644.301590312829,11486.946112980573,11612.8310546875,9865819
2023-10-16,11612.83007341082,11612.83007341082,11455.474609375,11455.474609375,9857602
2023-10-17,11518.417207675986,11612.830677623479,11392.533203125,11392.533203125,9273984
2023-10-18,11392.53281862592,11455.474818777115,11077.821884801471,11172.2353515625,18141496
2023-10-19,11172.235905088162,11266.648443458364,11077.82243364944,11109.29296875,9565721
2023-10-20,11109.29221063342,11329.589673577959,11014.87967870609,11298.119140625,11198808
2023-10-23,11298.119522877609,11329.590056895318,11140.76405358359,11203.7060546875,5933444
2023-10-24,11203.706434263646,11329.590440736354,11172.23589917973,11266.6484375,7845177
2023-10-25,11298.119522877609,11361.061523981518,11203.7060546875,11203.7060546875,8178225
2023-10-26,11109.29219591875,11109.29219591875,10731.639269504263,10826.052734375,24772879
2023-10-27,10857.525170655654,11014.880648479731,10794.582233071193,10983.4091796875,15861430
2023-10-30,10857.524412143644,10983.408412381172,10700.1689453125,10700.1689453125,6849823
2023-10-31,10826.053330481733,10888.995332838465,10668.697858055648,10763.111328125,10003771
2023-11-01,10826.052734375,10888.994733266005,10763.110735483995,10826.052734375,9259497
2023-11-02,10920.467166276932,11172.236117204098,10888.995697510334,11140.7646484375,10515489
2023-11-03,11203.705447271821,11235.176912651776,10951.9365234375,10951.9365234375,20039421
2023-11-06,11077.821677680462,11329.589673577959,11046.350211659046,11298.119140625,13160149
2023-11-07,11298.119522877609,11329.590056895318,11140.76405358359,11203.7060546875,7972384
2023-11-08,11203.706259861121,11581.35920646903,11140.764257604555,11549.888671875,17197725
2023-11-09,11581.35920646903,11644.301208725597,11486.945736549926,11549.888671875,16460433
2023-11-10,11455.474776658015,11581.358776497558,11298.11931032435,11329.58984375,50144169
2023-11-13,11329.590267780999,11424.003737728493,11235.177730902013,11392.533203125,11539120
2023-11-14,11424.004108661378,11738.715063325892,11424.004108661378,11612.8310546875,21000619
2023-11-15,11770.185929114412,11801.656463127722,11612.83045984239,11675.7724609375,22482035
2023-11-16,11612.83024781129,11675.772247757184,11549.888247865396,11644.30078125,10734992
2023-11-17,11707.243538446004,11707.243538446004,11266.647679304631,11455.474609375,27806572
2023-11-20,11172.235310484806,11486.945310083664,11172.235310484806,11329.58984375,20154486
2023-11-21,11455.475205400493,11486.945740003986,11298.119733177506,11392.533203125,9274828
2023-11-22,11424.003524538395,11424.003524538395,11298.119522336605,11361.0615234375,12819965
2023-11-23,11392.533377041229,11424.003912125145,11266.6484375,11266.6484375,10667441
2023-11-24,11266.648268988221,11329.590271283172,11077.822262103373,11235.177734375,13515816
2023-11-27,11235.17674751252,11298.118744278843,11046.349824145125,11077.8212890625,10822885
2023-11-28,11077.822262103373,11266.648268988221,10983.408792126695,11235.177734375,12242062
2023-11-29,11203.706266693272,11266.648268988221,11140.764264398322,11235.177734375,8326989
2023-11-30,11235.1775217737,11298.119522877609,11172.23552066979,11203.7060546875,8601898
2023-12-01,11235.1775217737,11235.1775217737,11140.76405358359,11203.7060546875,6694835
2023-12-04,11203.706054151016,11392.532990522192,11203.706054151016,11361.0615234375,26542078
2023-12-05,11361.0615234375,11392.532990522192,11298.119522336605,11361.0615234375,12472798
2023-12-06,11361.061735452999,11424.003737728493,11329.590267780999,11392.533203125,10933010
2023-12-07,11424.004283778475,11549.889227415077,11361.06227849445,11486.9462890625,28226906
2023-12-08,11486.945142341088,11549.888074410184,11424.003143340451,11455.474609375,12932449
2023-12-11,11455.475374386251,11486.945909453983,11361.061903046015,11424.00390625,28342471
2023-12-12,11424.004283778475,11486.9462890625,11392.533747670737,11486.9462890625,10709793
2023-12-13,11486.94552563929,11549.888459808675,11361.0615234375,11361.0615234375,15397225
2023-12-14,11424.003524538395,11455.474991623087,11329.590056352808,11361.0615234375,15992281
2023-12-15,11361.0615234375,11455.474991623087,11329.590056352808,11361.0615234375,19181812
2023-12-18,11361.061310244122,11424.003310163893,11298.11931032435,11329.58984375,44613716
2023-12-19,11329.590434909764,11455.475374386251,11298.119899842031,11424.00390625,12141616
2023-12-20,11424.00390625,11455.475374386251,11361.061903046015,11424.00390625,19025549
2023-12-21,11392.533371182268,11424.00390625,11329.590434909764,11424.00390625,6769217
2023-12-22,11424.00352400631,11612.83046036869,11392.532989991572,11518.4169921875,14934539
2023-12-25,11549.88786603917,11675.771861769375,11518.416400572398,11581.3583984375,10328016
2023-12-26,11581.359585993634,11644.301590312829,11518.41758167444,11612.8310546875,10380691
2023-12-27,11644.300396302604,11644.300396302604,11549.88786603917,11581.3583984375,8780871
2023-12-28,11581.358992760588,11707.243928019301,11549.888458747278,11675.7724609375,17824507
2023-12-29,11707.244308713336,11864.599783102216,11675.772840608153,11738.71484375,22085700
2024-01-02,11770.185170718989,11959.011161837583,11738.713705665008,11864.5986328125,22945177
2024-01-03,11801.656835849657,12084.897249325737,11770.186300842437,12053.42578125,21031434
2024-01-04,12053.425558711408,12871.673449819822,12053.425558711408,12651.3759765625,75467218
2024-01-05,12651.375598030962,12903.14453125,12651.375598030962,12903.14453125,39257757
2024-01-08,12966.087293139062,13123.442769013174,12840.203285667183,13029.029296875,30583601
2024-01-09,13060.499409050077,13154.912871384176,12903.143949516056,13123.44140625,41138255
2024-01-10,13123.44259451623,13312.269536281823,12997.558588718177,13154.9140625,38989374
2024-01-11,13154.913079207447,13280.797075596025,12903.144153361844,12997.5576171875,47785956
2024-01-12,12903.144904897152,13564.03732403311,12840.202903036847,13438.1533203125,70080747
2024-01-15,13532.566192638518,13784.335122041277,13469.624193554942,13501.0947265625,38915903
2024-01-16,13501.094939677207,13532.56640625,13312.268939445865,13532.56640625,27310945
2024-01-17,13595.508406327113,13721.392406481342,13406.681473027298,13532.56640625,32609797
2024-01-18,13469.625161061142,13689.922640211573,13406.682224387994,13658.451171875,35981609
2024-01-19,13721.392578178968,13941.690047739716,13658.450577314252,13878.748046875,33522449
2024-01-22,14036.103730217003,14193.45920131938,13847.277724735248,13910.2197265625,56851270
2024-01-23,13910.219129283689,14067.574593629517,13784.335131034411,13815.8056640625,36114282
2024-01-24,13752.864469562182,13941.690477983544,13721.393001624365,13784.3359375,30647964
2024-01-25,13815.806472369302,13815.806472369302,13658.450998817245,13784.3359375,22480213
2024-01-26,13784.335343654495,13941.689877359018,13784.335343654495,13847.27734375,14462289
2024-01-29,13847.277892338136,14130.517370523252,13847.277892338136,13941.6904296875,23812866
2024-01-30,13941.690260941876,14004.633195837627,13752.864255460121,13910.2197265625,22140181
2024-01-31,14004.63280850055,14004.63280850055,13626.979874913586,13689.921875,42306811
2024-02-01,13658.450998817245,13815.806472369302,13595.508996010123,13784.3359375,20513037
2024-02-02,13784.33534166386,13847.277341750276,13689.921875,13689.921875,29224384
2024-02-05,13689.922608009194,14571.112522538126,13689.922608009194,14445.228515625,56825419
2024-02-06,14476.699387976416,14571.111922740653,14445.227921009347,14508.169921875,17865797
2024-02-07,14539.642139784102,14917.295097551485,14539.642139784102,14791.41015625,33258317
2024-02-15,14917.29470213696,15232.005647445787,14822.88123193061,15200.5341796875,38060055
2024-02-16,15169.06211716768,15169.06211716768,14917.29411724696,15106.1201171875,24948633
2024-02-19,15106.12092576536,15169.062929114607,14854.35291236838,15074.650390625,32071241
2024-02-20,15011.70703125,15169.061558874826,14885.822102854325,15011.70703125,34722412
2024-02-21,15011.707583751466,15232.005050216332,14917.29411724696,15106.1201171875,39899415
2024-02-22,15106.12092576536,15169.062929114607,15011.708387275754,15074.650390625,23064340
2024-02-23,15106.1207134019,15546.716596789718,14948.765240706645,15043.1787109375,84091476
2024-02-26,15043.17811720732,15137.591583711826,14885.822650722634,15106.1201171875,37014153
2024-02-27,15137.591585958458,15389.360518985017,15011.707585979415,15263.4755859375,38639323
2024-02-28,15326.418180687213,15452.303118619846,15200.53417582309,15357.8896484375,29432805
2024-02-29,15420.831654789978,15452.303122548265,15074.650174791374,15200.5341796875,38153715
2024-03-01,15169.06211716768,15200.533583692006,14980.23611722714,15106.1201171875,41625229
2024-03-04,15169.061950455607,15389.360347567806,14948.764486411868,15232.0048828125,56275447
2024-03-05,15232.005431280711,15515.244904811658,15169.062496657394,15483.7734375,43671190
2024-03-06,15483.7734375,15829.954912585767,15326.417967078696,15483.7734375,45342811
2024-03-07,15546.716588802194,15609.658591234256,15326.418180687213,15357.8896484375,39493638
2024-03-08,15420.831488038004,15420.831488038004,14854.3525390625,14854.3525390625,77726457
2024-03-11,14822.881469432903,14854.352937695447,14350.815043905894,14445.228515625,58308353
2024-03-12,14413.756664920966,14634.054137708026,14319.34412877544,14539.6416015625,37282383
2024-03-13,14539.640649170206,15011.70703125,14539.640649170206,15011.70703125,27392613
2024-03-14,15074.64940581759,15074.64940581759,14728.467010409606,14759.9384765625,31462371
2024-03-15,14759.938858558697,15011.707795092394,14571.111922891301,14980.236328125,38885239
2024-03-18,14948.764470054291,14980.235936198302,14099.045147919125,14602.5830078125,50036923
2024-03-19,14602.5830078125,14696.996473176067,14445.227543229379,14602.5830078125,32325658
2024-03-20,14602.583756828133,15357.889652341913,14539.641754380069,15200.5341796875,60986105
2024-03-21,15294.947056868892,15578.1865234375,15169.062123785143,15578.1865234375,52423219
2024-03-22,15735.543137975594,16176.138077115185,15641.128737071913,15767.013671875,63365418
2024-03-25,15767.013284469447,15955.840215500237,15483.77288792326,15546.7158203125,36080886
2024-03-26,15546.715994265558,15892.8974609375,15483.773061172047,15892.8974609375,26072864
2024-03-27,15892.896655616385,15987.310117404082,15735.54213006146,15924.3671875,22180712
2024-03-28,16144.665506953355,16176.137906658092,15861.426972569388,16050.25390625,24271150
2024-03-29,16081.724993528562,16081.724993528562,15829.955117906724,15987.3115234375,20563435
2024-04-01,15861.426537880738,15892.89707058606,15546.71561241681,15672.599609375,44186308
2024-04-02,15483.773268322295,15609.658203125,15232.005264853859,15609.658203125,51722510
2024-04-03,15609.657811611543,15609.657811611543,15232.0048828125,15232.0048828125,38349901
2024-04-04,15232.005264658697,15263.475798557605,14980.236328125,14980.236328125,50887458
2024-04-05,14822.881073866258,14948.765077420016,14665.525602889811,14696.9970703125,40111024
2024-04-08,14728.468152133526,14980.237101667959,14571.112675308072,14791.41015625,39607656
2024-04-09,14791.409184218128,15106.1201171875,14728.467184237948,15106.1201171875,26280982
2024-04-10,15294.947265525001,15326.417799423909,14980.236328125,14980.236328125,60951191
2024-04-11,14791.40918197666,15011.707581476614,14728.467182006018,14948.7646484375,19045738
2024-04-12,15011.707219919099,15546.715606386566,14948.764288395967,15515.244140625,45071241
2024-04-15,15389.360111956385,15767.013034973555,14476.698803575851,14728.466796875,90946126
2024-04-16,14728.467765546991,15043.1787109375,14508.170290387336,15043.1787109375,74947864
2024-04-17,15106.120550709657,15137.592018137164,14539.6416015625,14539.6416015625,47826426
2024-04-19,14224.93104339013,14665.526000852744,14224.93104339013,14287.873046875,47961619
2024-04-22,14350.814667675368,14508.170138725702,14193.459196625034,14224.9306640625,40694240
2024-04-23,14224.930277391502,14287.872277487006,13689.921876977001,13847.27734375,48687117
2024-04-24,13973.161514812577,14256.400985240194,13815.80604611535,14193.458984375,29161994
2024-04-25,14224.930279399603,14224.930279399603,13941.689879327136,14004.6328125,19738857
2024-04-26,13847.277345704788,14130.51681270878,13847.277345704788,14004.6328125,21376779
2024-05-02,14036.102923664566,14193.458385724873,13973.160925454133,14099.044921875,17120459
2024-05-03,14224.929851364313,14350.81384778518,14036.102923664566,14099.044921875,18682481
2024-05-06,14193.459360536652,14445.228303738413,14193.459360536652,14413.7568359375,25659361
2024-05-07,14476.699216838175,14508.169750364725,14256.40081680995,14319.34375,16575649
2024-05-08,14099.045516542967,14287.872452207035,14036.10351567777,14193.458984375,36610972
2024-05-09,14224.929858039239,14350.813854519176,14067.574395905094,14256.400390625,25970247
2024-05-10,14319.3441333064,14413.756669481802,14161.988662256066,14224.9306640625,21543607
2024-05-13,14224.929858039239,14476.698784067561,14224.929858039239,14256.400390625,22863357
2024-05-14,14413.755688477073,14602.582614113253,14287.871693431909,14382.28515625,28911447
2024-05-15,14445.228303738413,14508.170306271724,14350.814833404189,14413.7568359375,28387359
2024-05-16,14571.111334528809,14822.880260896405,14476.698803575851,14728.466796875,50466972
2024-05-17,14759.938643907873,14759.938643907873,14571.11171098655,14634.0537109375,23780836
2024-05-20,14854.35194195272,14854.35194195272,14728.467010409606,14759.9384765625,28349409
2024-05-21,14759.939069877082,14854.3525390625,14634.054133273692,14854.3525390625,24898691
2024-05-22,14854.351937759187,14885.822470834735,14602.5830078125,14602.5830078125,31654095
2024-05-23,14771.116675656558,14868.723394485078,14640.975026969676,14836.1875,19856350
2024-05-24,14673.51027889668,15161.542919124384,14413.226011183222,14608.439453125,55587338
2024-05-27,14706.046174095887,14706.046174095887,14543.368627353319,14608.439453125,12134588
2024-05-28,14771.116722989456,14803.652617578793,14543.36835474425,14706.0458984375,20352281
2024-05-29,14706.046453462694,14738.581384653222,14510.8330078125,14510.8330078125,31619029
2024-05-30,14380.691220196595,14413.226151084866,14120.406949956696,14218.013671875,43961280
2024-05-31,14218.013207088625,14315.61992581617,14152.9423828125,14152.9423828125,23367333
2024-06-03,14283.084091909708,14836.18754754141,14283.084091909708,14706.0458984375,37590993
2024-06-04,14803.653135320217,14836.18806642071,14640.9755859375,14640.9755859375,14843914
2024-06-05,14673.510088306082,14771.11680800918,14445.76171875,14445.76171875,20822557
2024-06-06,14575.903093598547,14706.045705622844,14510.832269899749,14543.3681640625,16442217
2024-06-07,14673.51027889668,14738.58110466836,14510.832732154111,14608.439453125,13873761
2024-06-10,14673.510229136486,14901.258600878404,14640.975298674346,14738.5810546875,21452376
2024-06-11,14738.580589120536,14771.116483181657,14608.438942129464,14673.509765625,16140438
2024-06-12,14673.51037613157,15031.4013671875,14575.903654513884,15031.4013671875,39131004
2024-06-13,15096.472327084626,15421.827425607089,15063.936431381679,15324.220703125,61685448
2024-06-14,15617.039767640124,15617.039767640124,15031.4013671875,15031.4013671875,39553008
2024-06-17,15226.613555695563,15226.613555695563,14933.794361048102,15129.0068359375,27637618
2024-06-18,15291.684380658695,15324.220275453625,15129.0068359375,15129.0068359375,18922173
2024-06-19,15226.613794734665,15259.149690040367,14998.865421474968,15161.54296875,20694438
2024-06-20,15226.613555695563,15259.149450490491,15063.936010974368,15129.0068359375,22291540
2024-06-21,15129.006609368467,15194.078397983823,15031.400855698856,15096.4716796875,16187041
2024-06-24,15031.401216607166,15096.47204215818,14673.510229136486,14738.5810546875,48528638
2024-06-25,14771.116722989456,14868.72344213075,14640.975073885544,14706.0458984375,33563951
2024-06-26,14706.046412765238,14738.58134386573,14543.36886338252,14640.9755859375,21588237
2024-06-27,14608.439690210256,14706.046412765238,14575.903794483012,14640.9755859375,10650743
2024-06-28,14673.510088306082,14673.510088306082,14445.76171875,14445.76171875,17489181
2024-07-01,14478.297801581639,14608.439453125,14413.226011183222,14608.439453125,7851855
2024-07-02,14640.975534303496,14868.723909710754,14608.439638690996,14771.1171875,17507549
2024-07-03,14836.187962689723,14933.794684562261,14706.04630994417,14901.2587890625,16845989
2024-07-04,14901.258324343442,14966.3301133136,14706.045851313116,14836.1875,10874496
2024-07-05,14836.1875,14868.723394485078,14706.045851313116,14836.1875,12038954
2024-07-08,14836.188014098254,14933.794736309006,14706.046360901748,14771.1171875,16311669
2024-07-09,14836.188146005354,15063.9365234375,14738.581422926789,15063.9365234375,21679317
2024-07-10,15063.936247459633,15356.756411330734,15063.936247459633,15161.54296875,36754119
2024-07-11,15259.149741210937,15291.684671999003,15031.4013671875,15031.4013671875,13219958
2024-07-12,14933.794183716418,15096.471726505895,14901.258289307838,14966.330078125,12936699
2024-07-15,14998.865234375,15096.471954447794,14933.794409202046,14998.865234375,7789161
2024-07-16,15031.401500305483,15584.504974868321,14998.865604602535,15324.220703125,40532725
2024-07-17,15486.89779268973,16365.355375073086,15324.220248257243,15942.39453125,110944396
2024-07-18,16007.465272783851,16267.750500073194,15682.11018561225,16202.6787109375,61088874
2024-07-19,16202.678127665686,16690.709776227974,16137.607305499161,16528.033203125,75910777
2024-07-22,16462.962439709743,16755.78260460155,16040.001587021705,16397.892578125,59607761
2024-07-23,16495.499094520896,16495.499094520896,15486.897924598115,15551.96875,76880931
2024-07-24,15486.898160906963,15779.71736199683,15389.291439001425,15584.5048828125,41489976
2024-07-25,15519.434056417724,15682.110640091292,15291.684717095886,15584.5048828125,35353916
2024-07-26,15551.968664877868,15844.787859897,15519.433734668368,15812.2529296875,18459487
2024-07-29,15909.85968669407,15909.85968669407,15682.1103515625,15682.1103515625,16156074
2024-07-30,15682.110267232678,15942.39453125,15519.433687426916,15942.39453125,29709840
2024-07-31,15942.395045697429,16202.679318113902,15747.18256485514,15877.32421875,31075433
2024-08-01,15877.323448406334,15974.930166405125,15129.006563251209,15226.61328125,52563027
2024-08-02,14966.329908680906,15486.8974609375,14966.329908680906,15486.8974609375,37344135
2024-08-05,14998.864768464155,15324.219848849121,14836.18722827167,14933.7939453125,47394692
2024-08-06,15096.471633669416,15291.684105040293,14966.329986088833,15226.61328125,29137251
2024-08-07,15226.614032750032,15291.684859751855,15096.47237874639,15194.0791015625,15582877
2024-08-08,15161.542779620748,15291.684429966655,14966.330304101886,14998.865234375,17420719
2024-08-09,15096.471869729663,15291.684344153033,15096.471869729663,15259.1494140625,13002580
2024-08-12,15291.684532591458,15421.8271484375,15194.078776490345,15421.8271484375,16290720
2024-08-13,15389.290788884586,15454.361612530462,15226.613247456544,15356.755859375,11515851
2024-08-14,15454.361646829377,15454.361646829377,15226.61328125,15226.61328125,10602622
2024-08-15,15226.613555695563,15324.220275453625,15129.0068359375,15129.0068359375,18098749
2024-08-16,15226.613390695391,15682.110125128147,15194.078460879744,15649.5751953125,32135301
2024-08-19,15682.110125128147,15779.716843828513,15584.504371054494,15649.5751953125,15119888
2024-08-20,15682.11007846507,15942.394339349315,15649.575148746233,15779.716796875,25047000
2024-08-21,15779.717172922803,16137.608160745913,15649.575521692619,16105.072265625,33348638
2024-08-22,16170.14342232681,16202.679318113902,15877.32421875,15877.32421875,19878058
2024-08-23,15877.323943023024,16040.001489879904,15812.25311720562,15974.9306640625,23710097
2024-08-26,16072.53691712022,16137.607741042966,15812.252656802526,15909.859375,17736919
2024-08-27,15844.788322962908,15942.395045697429,15812.253391802571,15877.32421875,17303226
2024-08-28,15909.85932909253,16072.536870743346,15844.787540730837,16040.0009765625,26058291
2024-08-29,16040.000931024504,16397.891907490924,16040.000931024504,16170.142578125,34546492
2024-08-30,16170.142578125,16267.750260390429,16137.607648663228,16170.142578125,13463598
2024-09-04,15909.860114537092,16007.46587264486,15844.788322962908,15877.32421875,27201497
2024-09-05,15877.32408390237,16072.537527713446,15551.96898730174,15584.5048828125,108435278
2024-09-06,15551.9682392352,15649.57495644575,15454.36152202465,15617.0390625,89647326
2024-09-09,15551.96898730174,15584.5048828125,15454.362265396201,15584.5048828125,15536426
2024-09-10,15649.575748994888,15747.182471148584,15389.291478127287,15454.3623046875,22402340
2024-09-11,15454.362029583808,15649.575470416194,15291.684483765728,15551.96875,15790236
2024-09-12,15617.0390625,15714.645779710549,15584.50413318095,15617.0390625,12740877
2024-09-13,15649.575470416194,15649.575470416194,15519.433819612424,15551.96875,7711895
2024-09-16,15551.96875,15779.717121219965,15519.433819612424,15551.96875,13183983
2024-09-17,15617.039254400685,15779.716796875,15486.897606271918,15779.716796875,13183688
2024-09-18,15812.253391802571,16007.46587264486,15714.64666906805,15877.32421875,25642602
2024-09-19,15909.860114537092,15974.930941484521,15844.788322962908,15877.32421875,13284626
2024-09-20,15974.930614394814,16267.750776602832,15974.930614394814,16105.072265625,50630764
2024-09-23,16137.6083984375,16528.03432250539,16137.6083984375,16137.6083984375,35564766
2024-09-24,16202.67935719627,16462.962665613817,16137.608530091882,16430.427734375,26974708
2024-09-25,16528.03482093616,16853.389928242155,16495.499888981623,16755.783203125,51897535
2024-09-26,16755.78297839317,16885.924633719373,16593.106391548798,16723.248046875,40645057
2024-09-27,16723.248046875,17016.066289045575,16658.176254585134,16723.248046875,28092715
2024-09-30,16560.5695307771,16788.317909911337,16560.5695307771,16723.248046875,22532433
2024-10-01,16755.78272882064,17016.066035596203,16690.7109375,16690.7109375,28490279
2024-10-02,16625.641323066964,16820.854770683036,16593.106391548798,16723.248046875,30618819
2024-10-03,16690.710257876373,16983.530413015753,16528.033680078996,16593.10546875,38457922
2024-10-04,16593.105539033077,16593.105539033077,16332.8203125,16332.8203125,28947197
2024-10-07,16462.962439709743,16528.034230547975,16267.750925702025,16397.892578125,15462651
2024-10-08,16397.892578125,16593.106021386204,16332.82078728677,16397.892578125,18798001
2024-10-09,16462.96233918084,16690.7107118437,16430.427408587137,16658.17578125,22218814
2024-10-10,16723.247116838585,16885.92369463596,16593.10546875,16593.10546875,19283002
2024-10-11,16593.105694847887,16658.175555152113,16495.498975138104,16625.640625,11264320
2024-10-14,16690.7099407557,16983.530090331547,16593.1051534838,16820.853515625,23639510
2024-10-15,16885.92438220842,16983.531104562633,16690.7109375,16690.7109375,23397541
2024-10-16,16690.710257876373,16690.710257876373,16528.033680078996,16593.10546875,16439029
2024-10-17,16625.64030666408,16853.388671875,16495.498659294044,16853.388671875,18099873
2024-10-18,16918.45979215122,17048.603378476462,16723.248271170465,16755.783203125,28049604
2024-10-21,16755.782274861896,16853.38899457168,16625.640625,16625.640625,14285140
2024-10-22,16593.1062490761,16690.711042792547,16365.355942643857,16430.427734375,30856689
2024-10-23,16430.427734375,16495.499526106145,16365.355942643857,16430.427734375,17759841
2024-10-24,16430.42712754443,16528.033846909446,16072.537109375,16072.537109375,29216490
2024-10-25,16137.607694478333,16137.607694478333,15974.930152827514,16040.0009765625,16229393
2024-10-28,16105.072502837364,16170.143329410888,16040.00167626384,16137.6083984375,6039060
2024-10-29,16202.679185520825,16332.820838350683,16170.143289999987,16267.7509765625,12977685
2024-10-30,16267.7509765625,16365.355769244774,16072.537532690967,16267.7509765625,22037261
2024-10-31,16267.750226855296,16397.891873687513,16137.607615396379,16300.28515625,15502119
2024-11-01,16235.214196197314,16300.285987558762,16007.4658203125,16007.4658203125,17950653
2024-11-04,16072.53691712022,16105.07184676824,15877.323480725272,15909.859375,18825477
2024-11-05,15974.930198922746,16007.465128570766,15877.323480725272,15909.859375,14652145
2024-11-06,16040.000931024504,16202.678472213476,15942.39421338578,16170.142578125,13024288
2024-11-07,16267.751016211296,16267.751016211296,16137.6083984375,16137.6083984375,18196721
2024-11-08,16170.14314151471,16202.679036736781,15877.323943023024,15974.9306640625,12681523
2024-11-11,15974.93047461518,16007.465404824681,15584.504559714094,15812.2529296875,26295099
2024-11-12,15812.25296658436,15844.787896869777,15682.1103515625,15682.1103515625,13838725
2024-11-13,15682.1105889703,15779.717310557657,15519.434005827028,15714.646484375,21113254
2024-11-14,15682.10993129871,15682.10993129871,15486.8974609375,15486.8974609375,32149722
2024-11-15,15421.827186479573,15486.898012249741,15291.6845703125,15291.6845703125,30465197
2024-11-18,15291.684105040293,15389.290823039084,15031.400809879126,15226.61328125,24799566
2024-11-19,15291.684900869646,15356.756692673194,15063.9365234375,15063.9365234375,11949544
2024-11-20,15063.936431381679,15421.827425607089,15063.936431381679,15324.220703125,17244008
2024-11-21,15356.7557694408,15617.0390625,15226.613158284503,15617.0390625,9988746
2024-11-22,15584.50413318095,15747.181673656298,15551.9682392352,15617.0390625,13976227
2024-11-25,15617.039813696516,15649.575709207278,15551.96898730174,15584.5048828125,7840774
2024-11-26,15649.575421277083,15747.182141386793,15617.039526364935,15682.1103515625,8147562
2024-11-27,15617.039526364935,15779.717071672212,15551.96870116737,15682.1103515625,6685728
2024-11-28,15747.181673656298,15779.716602975348,15617.0390625,15617.0390625,13530085
2024-11-29,15649.575658192343,15714.646484375,15584.504832009687,15714.646484375,10289307
2024-12-02,15747.1823797797,15812.253205962357,15649.575658192343,15714.646484375,9474503
2024-12-03,15714.646535602054,15747.182431112815,15584.5048828125,15584.5048828125,11260372
2024-12-04,15551.96852366408,15617.039348118955,15486.897699209205,15519.43359375,13024744
2024-12-05,15519.433918713934,16007.465594657833,15486.898023491864,15974.9306640625,16219526
2024-12-06,16007.465633185924,16007.465633185924,15844.7880859375,15844.7880859375,24165224
2024-12-09,15877.32421875,15974.930941484521,15779.717496015479,15877.32421875,10085037
2024-12-10,15877.323515284932,15942.394339349315,15779.716796875,15779.716796875,10425201
2024-12-11,15779.717034851274,15877.323754733226,15682.11031496932,15812.2529296875,10515127
2024-12-12,15877.323754733226,15974.93047461518,15812.2529296875,15812.2529296875,8839261
2024-12-13,15779.716796875,15844.787620939383,15747.181867156163,15779.716796875,7132121
2024-12-16,15779.717071672212,15844.787896869777,15617.039526364935,15682.1103515625,9709715
2024-12-17,15649.575658192343,15747.1823797797,15649.575658192343,15714.646484375,6331794
2024-12-18,15714.646721292283,15747.1826171875,15649.575894128604,15747.1826171875,6346351
2024-12-19,15486.897699209205,15649.575242659752,15486.897699209205,15519.43359375,15980471
2024-12-20,15519.43330991615,15617.0390625,15486.8974159704,15617.0390625,36253376
2024-12-23,15617.039300870141,15714.646019570506,15617.039300870141,15649.5751953125,11359333
2024-12-24,15649.575470416194,15649.575470416194,15519.433819612424,15551.96875,5802628
2024-12-25,15584.50429075956,16137.607741042966,15584.50429075956,15909.859375,24014638
2024-12-26,15942.394448274876,16202.6787109375,15909.859518333746,16202.6787109375,32259230
2024-12-27,16300.28515625,16462.96173247692,16267.750226855296,16300.28515625,28080024
2024-12-30,16365.355809131459,16365.355809131459,16137.6083984375,16137.6083984375,17601194
2024-12-31,16137.607839540266,16332.8203125,16137.607839540266,16332.8203125,17868878
2025-01-02,16365.355718079141,16560.569161340347,16300.285856494396,16397.892578125,20435391
2025-01-03,16397.89219750724,16397.89219750724,16072.537109375,16072.537109375,17048065
2025-01-06,16072.537664219042,16202.679318113902,15877.32421875,15877.32421875,22976174
2025-01-07,16238.468676395705,16238.468676395705,15864.31022081539,16201.052734375,19217048
2025-01-08,16051.388893199024,16238.468602450648,16051.388893199024,16163.63671875,11109919
2025-01-09,16163.636570514373,16238.468453528743,16051.388745992816,16088.8046875,9928160
2025-01-10,16051.389222328415,16088.805164945943,15826.89453125,15826.89453125,13748486
2025-01-13,15826.89406157643,16088.8046875,15677.230295547686,16088.8046875,11908455
2025-01-14,16013.972506622484,16088.804388244966,15826.893767192985,15939.140625,10475547
2025-01-15,16051.3885225979,16088.804463584349,15939.140699638549,15976.556640625,13091216
2025-01-16,16088.80453857168,16163.63642089336,15976.55671508916,16013.97265625,13070409
2025-01-17,16088.8046875,16088.8046875,15976.556862978445,16088.8046875,10514353
2025-01-20,16088.804237094406,16425.54577197855,16088.804237094406,16350.7158203125,12440551
2025-01-21,16425.54577197855,16500.37765289801,16275.883939393045,16350.7158203125,22180910
2025-01-22,16425.54667957797,16425.54667957797,16275.884838722843,16313.30078125,10780611
2025-01-23,16388.129363650805,16650.040939391532,16313.299414121087,16612.625,20116430
2025-01-24,16500.377481994667,16799.70500257219,16500.377481994667,16762.2890625,13928864
2025-02-03,16500.37890625,16650.04267945722,16425.54701964639,16500.37890625,12977058
2025-02-04,16612.6253769227,16911.95289884638,16537.79349644178,16799.705078125,16411956
2025-02-05,16837.12109375,16874.53703415798,16687.457332118072,16837.12109375,34550340
2025-02-06,16874.5371842592,17173.862780932195,16874.5371842592,16911.953125,14662454
2025-02-07,16986.78327756792,17211.278924660397,16762.28955972888,17024.19921875,18794041
2025-02-10,16986.783498946206,17398.35885731289,16799.705719851176,17136.447265625,26214553
2025-02-11,17211.279296875,17211.279296875,17099.031470901267,17211.279296875,10275286
2025-02-12,17211.278849233648,17248.694790251757,16986.783203125,16986.783203125,11036648
2025-02-13,17099.031323955303,17136.447265625,16911.953544860273,17136.447265625,9976697
2025-02-14,17211.279074523613,17211.279074523613,17061.61530849213,17099.03125,10987141
2025-02-17,17136.44691590212,17136.44691590212,16911.95319971889,16949.369140625,12281349
2025-02-18,16949.36919136032,17173.862908215542,16911.953250342212,16986.783203125,16497505
2025-02-19,17061.61530849213,17173.86313301574,16986.783425476387,17099.03125,13663201
2025-02-20,17211.279074523613,17211.279074523613,17099.03125,17099.03125,15340789
2025-02-21,17136.447265625,17323.526973973494,17061.615382285603,17136.447265625,27921194
2025-02-24,17061.615528910024,17248.695238866247,17061.615528910024,17211.279296875,18135757
2025-02-25,17248.695819125383,17622.85332237129,17248.695819125383,17510.607421875,51000061
2025-02-26,17585.43901513112,17622.85302850363,17360.943359375,17360.943359375,11573643
2025-02-27,17360.943359375,17398.35930200102,17173.8636462449,17360.943359375,17894065
2025-02-28,17286.11118085749,17323.527122848733,17173.863354883757,17211.279296875,16186909
2025-03-03,17211.279443504987,17286.111328125,17173.86350119498,17286.111328125,17450400
2025-03-04,17248.695819125383,17660.269265621235,17099.032046125605,17510.607421875,45285253
2025-03-05,17510.605673212925,18034.426897148238,17435.773794185974,17622.8515625,44737598
2025-03-06,17735.10020437127,18034.427734375,17585.438368622843,18034.427734375,40325115
2025-03-07,18146.67612342335,18633.081445578246,18034.428296175254,18333.75390625,67294418
2025-03-10,18520.833618330154,18633.081445578246,18296.33796383397,18333.75390625,25699938
2025-03-11,18109.260609634035,18558.25,18071.84466633241,18558.25,37361557
2025-03-12,18633.081593781775,18707.913479209034,18408.5859375,18408.5859375,44296045
2025-03-13,18446.001460659758,18483.417402522362,18109.259913149792,18184.091796875,33850225
2025-03-14,18146.675855012396,18296.337693209338,18071.843971287188,18184.091796875,26444893
2025-03-17,18258.921751346734,18296.337693209338,18034.428029424584,18184.091796875,35912580
2025-03-18,18258.921148902424,18258.921148902424,17884.763671875,17884.763671875,37154013
2025-03-19,17884.76359672086,17959.59547766257,17735.09983483743,17847.34765625,29340696
2025-03-20,17959.59607269742,18221.50573541757,17884.764189276386,18146.67578125,29650104
2025-03-21,18184.091796875,18333.753635071942,18109.259913149792,18184.091796875,23981100
2025-03-24,18184.0919200215,18258.921875,17922.18032520955,18258.921875,24245628
2025-03-25,18333.753485718345,18371.169427276145,18071.8438240672,18109.259765625,22009548
2025-03-26,18071.843525946715,18258.921301396145,17959.595703125,17959.595703125,24126036
2025-03-27,17959.595553131167,18034.427434387333,17884.763671875,17884.763671875,17194056
2025-03-28,17959.595553131167,18034.427434387333,17809.931790618833,17884.763671875,21455280
2025-03-31,17847.34802812267,18034.427734375,17809.932086872202,18034.427734375,25552692
2025-04-01,18071.844382330855,18408.5859375,17959.596554189968,18408.5859375,20648641
2025-04-02,18408.585569200248,18446.001511165297,18221.505859375,18221.505859375,13937748
2025-04-03,17660.268159334224,17735.100041146445,16949.369140625,16949.369140625,115966092
2025-04-04,15789.477585512666,16799.705078125,15789.477585512666,16799.705078125,99525069
2025-04-08,15826.894161846152,16388.13039412941,15639.814453125,15639.814453125,89448625
2025-04-09,14554.755664354127,16013.972535489394,14554.755664354127,15452.7353515625,80816445
2025-04-10,16500.37890625,16500.37890625,16500.37890625,16500.37890625,5039977
2025-04-11,16837.122442072552,17585.439380904263,16762.290555264022,17548.0234375,104254128
2025-04-14,17585.439380904263,17622.853395054975,17323.52777707442,17548.0234375,41899572
2025-04-15,17211.279296875,17510.606832804955,17136.44741289251,17211.279296875,38956236
2025-04-16,17211.279148964397,17398.35885731289,17024.199440615903,17136.447265625,28943640
2025-04-17,16986.783644927535,17211.279296875,16911.953690198527,17211.279296875,28503420
2025-04-18,17286.111546650976,17548.02314613203,17248.695603867967,17398.359375,42587028
2025-04-21,17585.43864138904,17585.43864138904,17061.615455757536,17173.86328125,49029816
2025-04-22,17099.03161657497,17323.527270435006,16126.220975021799,17286.111328125,59934600
2025-04-23,17548.023365124944,17735.101152121126,17286.11176237533,17510.607421875,44695992
2025-04-24,17510.607203349024,17510.607203349024,17248.695603867967,17398.359375,23890812
2025-04-25,17585.437552239877,17772.515320553906,17435.773794185974,17622.8515625,54000144
2025-04-28,17809.931489365394,17847.347429360587,17622.851789389413,17735.099609375,30453060
2025-04-29,17735.09938104043,17772.515320553906,17622.8515625,17622.8515625,17592696
2025-05-05,17735.09938104043,17772.515320553906,17548.0216127264,17622.8515625,25855816
2025-05-06,17660.267502013477,17735.09938104043,17585.437552239877,17622.8515625,30109424
2025-05-07,17622.853102444526,17660.26904522753,17360.94343221699,17398.359375,28969538
2025-05-08,17435.773794185974,17660.267502013477,17360.94191515902,17622.8515625,27763150
2025-05-09,17735.101298103138,17735.101298103138,17510.60756600915,17585.439453125,19862449
2025-05-12,17510.60604737464,17884.763521250938,17473.19010706167,17809.931640625,50034784
2025-05-13,17997.012353759226,18333.75390625,17959.596411343195,18333.75390625,54344703
2025-05-14,18333.75390625,18483.417675914123,18221.506079001905,18333.75390625,39200370
2025-05-15,18408.584663875423,19044.65371674624,18408.584663875423,18745.328125,95172132
2025-05-16,18820.16138174023,18820.16138174023,18446.001953125,18446.001953125,39876236
2025-05-19,18333.75405207274,18633.081593781775,18221.506223931854,18408.5859375,34072288
2025-05-20,18483.41818528356,18782.74573286073,18333.754411494978,18595.666015625,41990902
2025-05-21,18857.574016121474,19119.485596996146,18595.664364500186,18745.328125,42347144
2025-05-22,18969.823223932795,18969.823223932795,18333.75412454043,18446.001953125,34769750
2025-05-23,18633.081667432616,18633.081667432616,18371.170067401956,18446.001953125,22446560
2025-05-26,18483.418113396747,18558.25,17959.596836427532,18558.25,27385485
2025-05-27,18707.91370015259,18707.91370015259,18446.002098063964,18520.833984375,23529448
2025-05-28,18595.665651068146,18595.665651068146,18371.16999478637,18408.5859375,18996648
2025-05-29,18520.833618330154,18520.833618330154,18296.33796383397,18333.75390625,16990142
2025-05-30,18446.001511165297,18446.001511165297,18221.505859375,18221.505859375,23580282
2025-06-02,18296.338109359112,18483.41782292726,18071.844382330855,18408.5859375,25581930
2025-06-03,18446.00202574118,18558.249854767637,18446.00202574118,18483.41796875,25487325
2025-06-04,18520.833692135533,18558.249634700664,18333.753979309866,18371.169921875,18811689
2025-06-05,18371.16970134798,18446.001585579965,18258.921875,18258.921875,13402501
2025-06-06,18221.505586364357,18258.92152776881,18071.84375,18071.84375,24448525
2025-06-09,18071.843897828967,18184.09172296052,18034.427956118452,18146.67578125,17435853
2025-06-10,18184.0916487406,18371.169427276145,18034.4278825094,18109.259765625,17166956
2025-06-11,18109.259839539485,18184.09172296052,18071.843897828967,18146.67578125,8220927
2025-06-12,18184.09235393299,18483.41796875,18184.09235393299,18483.41796875,29779952
2025-06-13,18296.33846804783,18707.91384596644,18258.922524600686,18595.666015625,65200819
2025-06-16,18595.66443924824,18857.574091922314,18558.248498972887,18782.744140625,30285723
2025-06-17,18894.989879991386,19007.237699913247,18595.664289453143,18707.912109375,30384538
2025-06-18,18782.744065124953,18932.405896371383,18633.080304625142,18745.328125,35624067
2025-06-19,18857.574091922314,18857.574091922314,18670.496319798945,18782.744140625,20722442
2025-06-20,18857.57509896841,19568.476072910766,18820.16108594844,19306.56640625,68841286
2025-06-23,19119.486839603258,19531.0602784732,19082.070897046582,19381.3984375,33592191
2025-06-24,19531.0602784732,19755.555933813263,19381.3984375,19381.3984375,36826270
2025-06-25,19456.22794809978,19493.643889800183,19156.90234375,19156.90234375,30448519
2025-06-26,19231.73466727329,19381.3984375,19082.070897046582,19381.3984375,46274844
2025-06-27,19381.398142952203,19531.059981650924,19231.734375,19231.734375,21384343
2025-06-30,19269.150463976534,19381.39829079693,19231.734521703067,19306.56640625,16153064
2025-07-01,19381.398559294918,19568.47634400041,19306.56667371131,19456.228515625,35000077
2025-07-02,19493.64453125,19680.724245907993,19456.2285883184,19493.64453125,18530490
2025-07-03,19568.47629466134,19718.1400654512,19418.814453125,19418.814453125,41695566
2025-07-04,19456.228515625,19493.644458416806,19343.98261650311,19456.228515625,19787407
2025-07-07,19531.059046322633,19830.386567892456,19531.059046322633,19755.5546875,25219022
2025-07-08,19830.386567892456,19980.050328677367,19718.138747303772,19755.5546875,22380771
2025-07-09,19867.802809236637,20054.882513053453,19755.554986946547,19905.21875,34719286
2025-07-10,19980.05040481908,19980.05040481908,19755.554762786185,19792.970703125,19987558
2025-07-11,19830.38701707502,20129.71261617155,19792.971076031274,19980.05078125,29391212
2025-07-14,20017.466871177967,20129.71276589062,19755.555281923727,20054.8828125,25097635
2025-07-15,20054.882513053453,20279.376228380217,19905.21875,19905.21875,28241241
2025-07-16,19830.38701707502,20017.466722293746,19792.971076031274,19980.05078125,26215318
2025-07-17,20017.466796875,20129.71269117101,19867.8030321424,20017.466796875,27814512
2025-07-18,20054.883374661727,20391.624926745848,19905.219605178343,20354.208984375,36930550
2025-07-21,20429.040498089147,20690.95016067483,20129.712964558694,20167.12890625,27411516
2025-07-22,20129.7132575703,20316.79296875,19942.635475644096,20316.79296875,28490272
2025-07-23,20354.2092752528,20653.5368184972,20279.3773894417,20503.873046875,37380420
2025-07-24,20616.1203686256,21289.605395110466,20616.1203686256,21252.189453125,53511084
2025-07-25,21327.019481611394,21588.931076415578,21252.189526635117,21289.60546875,27476024
2025-07-28,21289.605881585932,21514.099609375,21214.77399590507,21514.099609375,34035249
2025-07-29,21551.514731715055,21588.930673131003,20092.296875,20092.296875,81731469
2025-07-30,20354.2092752528,20840.614603771424,20092.29767491395,20503.873046875,45408382
2025-07-31,20690.9509053985,20803.198734512524,20167.129632119915,20541.2890625,37525237
2025-08-01,20541.288622165637,20690.950461855904,20241.96108427812,20316.79296875,28880200
2025-08-04,20279.376029332772,20803.197265625,20241.960088936656,20803.197265625,31058570
2025-08-05,21626.346859809026,22225.0,20690.950243055555,22225.0,99562755
2025-08-06,22823.652493439946,23160.39403120677,22599.156848759787,22898.484375,44300678
2025-08-07,23122.980245310377,23160.394257202068,22711.404892714,23010.732421875,40582000
2025-08-08,23160.393955381835,23197.809896039365,22711.404596744876,22861.068359375,35340808
2025-08-11,23048.147939964896,24282.87011658349,22973.316059048204,23796.462890625,64298665
2025-08-12,24170.62319442435,24245.455078125,23684.2178796236,24245.455078125,75070868
2025-08-13,25400.0,25800.0,24700.0,25800.0,79996180
2025-08-14,27600.0,27600.0,27600.0,27600.0,43134610
2025-08-15,29500.0,29500.0,27700.0,28250.0,121513400
2025-08-18,28550.0,28600.0,27650.0,27800.0,51309950
2025-08-19,28350.0,29400.0,27900.0,28200.0,54057290
2025-08-20,28200.0,28300.0,26850.0,27800.0,77476820
2025-08-21,28050.0,28700.0,27750.0,28200.0,57200990
2025-08-22,27750.0,28000.0,26900.0,26900.0,72987400
2025-08-25,27150.0,27300.0,25800.0,26200.0,56604310
2025-08-26,26200.0,27600.0,26100.0,27550.0,41262420
2025-08-27,28200.0,28250.0,27400.0,27400.0,40405850
2025-08-28,27400.0,27550.0,26700.0,27200.0,32502880
2025-08-29,27450.0,28200.0,27200.0,27750.0,55739760
2025-09-03,27800.0,28800.0,27500.0,28450.0,46703730
2025-09-04,28450.0,28600.0,28100.0,28250.0,28924350
2025-09-05,28500.0,28650.0,27400.0,27400.0,65951330
2025-09-08,27200.0,27250.0,26700.0,26700.0,67938200
2025-09-09,26700.0,27000.0,26300.0,26650.0,32919090
2025-09-10,27000.0,27550.0,26800.0,26950.0,28923660
2025-09-11,26800.0,26950.0,26050.0,26700.0,31209020
2025-09-12,26900.0,27000.0,26600.0,26600.0,19258560
2025-09-15,26750.0,26850.0,26550.0,26850.0,21521880
2025-09-16,27100.0,27850.0,27050.0,27500.0,51409480
2025-09-17,27400.0,27550.0,27000.0,27000.0,16349600
2025-09-18,26950.0,27100.0,26600.0,26800.0,17746810
2025-09-19,26950.0,26950.0,26500.0,26650.0,14507850
2025-09-22,26550.0,26600.0,26100.0,26150.0,26449620
2025-09-23,26450.0,26550.0,26150.0,26350.0,10123740
2025-09-24,26350.0,26800.0,25900.0,26800.0,22770090
2025-09-25,27000.0,27000.0,26400.0,26550.0,17414330
2025-09-26,26500.0,26700.0,26250.0,26250.0,13168930
2025-09-29,26250.0,26350.0,26100.0,26150.0,16407990
2025-09-30,26200.0,26600.0,26050.0,26200.0,20531240
2025-10-01,26250.0,26600.0,26150.0,26400.0,11660800
2025-10-02,26500.0,27350.0,26450.0,26800.0,47639700
2025-10-03,26700.0,26800.0,26400.0,26550.0,14628500
2025-10-06,26950.0,27500.0,26650.0,27350.0,39011720
2025-10-07,27500.0,27550.0,26850.0,26850.0,23524810
2025-10-08,27200.0,27300.0,26850.0,26850.0,32615950
2025-10-09,27000.0,27400.0,26850.0,27350.0,39953850
2025-10-10,27400.0,27750.0,27200.0,27450.0,57311050
2025-10-13,27150.0,27400.0,27000.0,27350.0,46685390
2025-10-14,27500.0,27700.0,27050.0,27050.0,57000280
2025-10-15,27150.0,27650.0,27100.0,27250.0,31803660
2025-10-16,27300.0,27550.0,27150.0,27200.0,32692530
2025-10-17,27250.0,27800.0,27100.0,27100.0,43608600
2025-10-20,26950.0,27100.0,25250.0,25250.0,74615950
2025-10-21,25350.0,26000.0,24800.0,25300.0,54250420
2025-10-22,25600.0,25650.0,24800.0,25450.0,29656130
2025-10-23,25500.0,25700.0,25200.0,25200.0,20633580
2025-10-24,25150.0,25150.0,24350.0,24400.0,46429010
2025-10-27,24550.0,24650.0,23800.0,23800.0,53104700
2025-10-28,23800.0,24000.0,23150.0,24000.0,49595890
2025-10-29,24200.0,24600.0,24050.0,24350.0,28514760
2025-10-30,24400.0,24400.0,23850.0,23950.0,27235650
2025-10-31,23800.0,24100.0,23600.0,23600.0,20228190
2025-11-03,23700.0,24000.0,23100.0,23100.0,31441710
2025-11-04,23500.0,24350.0,23200.0,24000.0,38789040
2025-11-05,24000.0,24100.0,23800.0,23900.0,15068990
2025-11-06,24000.0,24100.0,23600.0,23700.0,10946220
2025-11-07,23750.0,23750.0,23150.0,23300.0,21383030
2025-11-10,23300.0,23600.0,23050.0,23100.0,17070010
2025-11-11,23150.0,23350.0,23000.0,23200.0,15240350
2025-11-12,23350.0,23800.0,23200.0,23700.0,17656290
2025-11-13,23750.0,23800.0,23500.0,23500.0,19659540
2025-11-14,23450.0,23650.0,23300.0,23500.0,16604120
2025-11-17,23600.0,23950.0,23600.0,23800.0,17020930
2025-11-18,23800.0,23950.0,23700.0,23700.0,19538840
2025-11-19,23750.0,23800.0,23400.0,23500.0,17691480
2025-11-20,23700.0,23700.0,23300.0,23350.0,15110000
2025-11-21,23250.0,23250.0,23000.0,23200.0,26886040
2025-11-24,23250.0,23400.0,23050.0,23150.0,10563420
2025-11-25,23200.0,23300.0,22800.0,22850.0,18990390
2025-11-26,22900.0,23450.0,22850.0,23250.0,21658810
2025-11-27,23350.0,23650.0,23300.0,23500.0,23013700
2025-11-28,23500.0,23500.0,23250.0,23250.0,11779500
2025-12-01,23300.0,23400.0,23200.0,23200.0,7815428
2025-12-02,23200.0,23600.0,23000.0,23550.0,19197350
2025-12-03,23550.0,24600.0,23550.0,24550.0,57511680
2025-12-04,24800.0,26000.0,24800.0,25700.0,81914940
2025-12-05,25800.0,25800.0,25100.0,25150.0,30356340
2025-12-08,25000.0,25550.0,24850.0,25300.0,22653980
2025-12-09,25050.0,25200.0,24350.0,24700.0,34557300
2025-12-10,24700.0,25450.0,24600.0,25150.0,26956490
2025-12-11,25250.0,25300.0,24700.0,24850.0,17215330
2025-12-12,24900.0,24950.0,24000.0,24000.0,21888160
2025-12-15,24000.0,24200.0,23650.0,23750.0,16129890
2025-12-16,23850.0,24750.0,23500.0,24450.0,21456580
2025-12-17,24550.0,24700.0,24350.0,24400.0,11174950
2025-12-18,24300.0,24700.0,24250.0,24650.0,12983510
2025-12-19,24650.0,24700.0,24500.0,24700.0,12044310
2025-12-22,24850.0,25400.0,24650.0,25250.0,26614520
2025-12-23,25350.0,25650.0,24900.0,25100.0,22662690
2025-12-24,25100.0,25550.0,24950.0,25300.0,24910200
2025-12-25,25250.0,25550.0,25000.0,25000.0,21679920
2025-12-26,24700.0,25000.0,24200.0,24850.0,24404370
2025-12-29,24850.0,25000.0,24700.0,24850.0,15881090
2025-12-30,24900.0,25200.0,24850.0,25000.0,12071900
2025-12-31,25000.0,25300.0,24950.0,25300.0,23852000
2026-01-05,25350.0,25750.0,24000.0,25350.0,42133510
2026-01-06,25450.0,26750.0,25000.0,26650.0,72216880
2026-01-07,26750.0,26850.0,26450.0,26700.0,34682030
2026-01-08,26750.0,27150.0,26500.0,26600.0,47614730
2026-01-09,26750.0,27700.0,26700.0,27300.0,70056100
2026-01-12,27550.0,28200.0,27550.0,28200.0,57117990
2026-01-13,28250.0,28300.0,27450.0,27550.0,47035940
2026-01-14,27600.0,27950.0,26850.0,27150.0,45185050
2026-01-15,27050.0,27550.0,26800.0,27250.0,33829360
2026-01-16,27400.0,27700.0,27050.0,27050.0,20393290
2026-01-19,27200.0,27600.0,27150.0,27500.0,27345750
2026-01-20,27750.0,28000.0,27100.0,27400.0,29423950
2026-01-21,27300.0,27500.0,26900.0,27000.0,27106330
2026-01-22,27150.0,27450.0,26900.0,26950.0,18391920
2026-01-23,26950.0,27100.0,26650.0,26950.0,23071120
2026-01-26,26750.0,26850.0,26000.0,26100.0,32125490
2026-01-27,26150.0,26600.0,26100.0,26500.0,19207760
2026-01-28,26550.0,26750.0,26200.0,26550.0,18494830
2026-01-29,26900.0,26950.0,26300.0,26700.0,19332260
2026-01-30,26750.0,27200.0,26600.0,27200.0,28603280
2026-02-02,27200.0,27600.0,26950.0,27300.0,26020410
2026-02-03,27500.0,28100.0,27500.0,27700.0,51673370
2026-02-04,27850.0,28100.0,27550.0,27800.0,26863560
2026-02-05,27850.0,27900.0,27050.0,27050.0,25757460
2026-02-06,27000.0,28100.0,26450.0,27350.0,54310330
2026-02-09,27800.0,28100.0,27400.0,27600.0,25454040
2026-02-10,27800.0,28500.0,27500.0,27850.0,52693220
2026-02-11,28100.0,29500.0,28050.0,29000.0,104677800
2026-02-12,29300.0,29300.0,28300.0,28350.0,28098840
2026-02-13,28600.0,28600.0,28300.0,28300.0,24032640
2026-02-23,28800.0,28850.0,28300.0,28350.0,20860550
2026-02-24,28500.0,28500.0,28150.0,28250.0,27411840
2026-02-25,28500.0,29300.0,28300.0,28750.0,28864730
2026-02-26,28900.0,29100.0,28450.0,28800.0,18285020
2026-02-27,28750.0,28850.0,28500.0,28500.0,19570280
2026-03-02,28000.0,28200.0,27600.0,27650.0,54513190
2026-03-03,27750.0,27850.0,27000.0,27050.0,44727590
2026-03-04,27100.0,27400.0,26350.0,26950.0,45627890
2026-03-05,27450.0,27550.0,27000.0,27050.0,17726390
2026-03-06,27100.0,27150.0,26650.0,26700.0,29140540
2026-03-09,24900.0,25650.0,24850.0,24850.0,79179980
2026-03-10,26100.0,26550.0,25600.0,26550.0,45730400
2026-03-11,26550.0,27000.0,26450.0,26800.0,46375140
2026-03-12,26500.0,26800.0,26000.0,26250.0,26900560
2026-03-13,26200.0,26500.0,25800.0,26150.0,27530310
2026-03-16,26150.0,26500.0,26100.0,26100.0,18327350
2026-03-17,26400.0,26750.0,26250.0,26350.0,13959960
2026-03-18,26700.0,26900.0,25750.0,26300.0,25974860
2026-03-19,26050.0,26500.0,25900.0,26400.0,20161860
2026-03-20,26300.0,26350.0,25950.0,25950.0,21740600
2026-03-23,25600.0,25650.0,24850.0,25000.0,39214440
2026-03-24,25750.0,26000.0,25400.0,25600.0,27654430
2026-03-25,25950.0,26250.0,25850.0,26000.0,14497500
2026-03-26,26350.0,26350.0,25700.0,25800.0,16151430
2026-03-27,25750.0,26200.0,25600.0,26150.0,18615100
2026-03-30,25800.0,26100.0,25650.0,25750.0,12945400
2026-03-31,25950.0,26700.0,25950.0,26450.0,26097290
2026-04-01,27000.0,27100.0,26500.0,26500.0,21326810
2026-04-02,26500.0,26550.0,25900.0,26300.0,23756640
2026-04-03,26300.0,26450.0,25950.0,25950.0,12406320
2026-04-06,26000.0,26000.0,25600.0,25650.0,12258740
2026-04-07,25750.0,25800.0,25450.0,25600.0,15357420
2026-04-08,26450.0,26650.0,26100.0,26600.0,37146400
2026-04-09,26500.0,26700.0,26350.0,26500.0,15011740
2026-04-10,26800.0,27100.0,26650.0,26700.0,30815640
2026-04-13,26350.0,26650.0,26250.0,26450.0,17180790
2026-04-14,26700.0,26800.0,26500.0,26700.0,16588580
2026-04-15,26700.0,26850.0,26600.0,26600.0,12698300
2026-04-16,26500.0,26600.0,26200.0,26300.0,13183870
2026-04-17,26300.0,26600.0,26300.0,26450.0,8813219
2026-04-20,26450.0,26600.0,26350.0,26350.0,13322510
2026-04-21,26400.0,26600.0,26300.0,26300.0,13760030
2026-04-22,26350.0,26400.0,26100.0,26200.0,8546004
2026-04-23,26200.0,27000.0,26150.0,26400.0,15314820
2026-04-24,26400.0,26400.0,26200.0,26200.0,9187066
2026-04-28,26200.0,26250.0,26000.0,26000.0,12610410
2026-04-29,26000.0,26150.0,25850.0,26050.0,13315220
2026-05-04,26150.0,26400.0,26050.0,26100.0,10203350
2026-05-05,26000.0,26100.0,25750.0,25950.0,12812420
2026-05-06,26000.0,26150.0,25850.0,26050.0,16790990
2026-05-07,26150.0,26300.0,26000.0,26100.0,17053810
2026-05-08,26100.0,26550.0,26050.0,26150.0,22450780
